사이트,시작일,종료일,구좌,브랜드,상품명,프로모션,사은품/주요 메세지,프로모션 출력,상품코드 1,상품코드 2,상품코드 3,상품코드 4,상품코드 5,상품코드 6,상품코드 7,상품코드 8,상품코드 9
G마켓,2024- 01-04,2024- 01-08,!슈퍼딜,ROERANCE,바디미스트,ROERANCE | 바디미스트,2+1,ROERANCE | 바디미스트@2+1,832114998,,,,,,,,
G마켓,2024- 01-06,2024- 01-08,!슈퍼딜,BATHPA,스크럽바디워시,BATHPA | 스크럽바디워시,2+1,BATHPA | 스크럽바디워시@2+1,2397735259,,,,,,,,
옥션,2024- 01-09,2024- 01-11,!올킬,BATHPA,바스솔트,BATHPA | 바스솔트,,BATHPA | 바스솔트@,B581099953,,,,,,,,
스마트스토어,2024-01-13,2024-01-16,!원뿔딜,FRAIJOUR,약쑥토너,FRAIJOUR | 약쑥토너,1+1,FRAIJOUR | 약쑥토너@1+1,8482723620,,,,,,,,
G마켓,2024- 01-15,2024- 01-17,!슈퍼딜,BATHPA,스크럽바디워시,BATHPA | 스크럽바디워시,2+1,BATHPA | 스크럽바디워시@2+1,2397735259,,,,,,,,
옥션,2024- 01-11,2024- 01-12,!올킬,PEDISON 바디,여성 청결제,PEDISON 바디 | 여성 청결제,1+1,PEDISON 바디 | 여성 청결제@1+1,B377660277,,,,,,,,
옥션,2024- 01-18,2024- 01-19,!올킬,VALMONA,얼쓰 바이탈,VALMONA | 얼쓰 바이탈,1+1,VALMONA | 얼쓰 바이탈@1+1,D424580460,,,,,,,,
G마켓,2024- 01-12,2024- 01-15,!슈퍼딜,BORDO,풋팩,BORDO | 풋팩,x4,BORDO | 풋팩@x4,1501818790,,,,,,,,
G마켓,2024- 01-14,2024- 01-16,!슈퍼딜,PEDISON 바디,여성청결제,PEDISON 바디 | 여성청결제,2+1,PEDISON 바디 | 여성청결제@2+1,483648529,,,,,,,,
옥션,2024- 01-19,2024- 01-22,!올킬,CERACLINIC,프로테인 퀀치 앰플밤,CERACLINIC | 프로테인 퀀치 앰플밤,,CERACLINIC | 프로테인 퀀치 앰플밤@,D860082240,,,,,,,,
G마켓,2024- 01-16,2024- 01-17,!슈퍼딜,ROSEMINE,스팀소프트,ROSEMINE | 스팀소프트,5+1,ROSEMINE | 스팀소프트@5+1,465423945,,,,,,,,
G마켓,2024- 01-25,2024- 01-26,!슈퍼딜,ROSEMINE,스팀소프트,ROSEMINE | 스팀소프트,5+1,ROSEMINE | 스팀소프트@5+1,465423945,832114998,,,,,,,
G마켓,2024- 01-26,2024- 01-29,!슈퍼딜,BATHPA,스크럽바디워시,BATHPA | 스크럽바디워시,2+1,BATHPA | 스크럽바디워시@2+1,2397735259,,,,,,,,
G마켓,2024- 01-31,2024- 02-01,!슈퍼딜,BATHPA,스크럽바디워시,BATHPA | 스크럽바디워시,2+1,BATHPA | 스크럽바디워시@2+1,2397735259,,,,,,,,
옥션,2024- 01-29,2024- 01-30,!올킬,BATHPA,스크럽바디워시,BATHPA | 스크럽바디워시,2+1,BATHPA | 스크럽바디워시@2+1,C561340751,,,,,,,,
G마켓,2024- 02-02,2024- 02-05,!슈퍼딜,PEDISON 바디,여성청결제,PEDISON 바디 | 여성청결제,2+1,PEDISON 바디 | 여성청결제@2+1,483648529,,,,,,,,
옥션,2024- 02-02,2024- 02-05,!올킬,ROERANCE,바디미스트,ROERANCE | 바디미스트,1+1,ROERANCE | 바디미스트@1+1,B619607455,,,,,,,,
홈앤쇼핑,2024- 02-07,2024- 02-09,!투데이픽,ROERANCE,바디미스트,ROERANCE | 바디미스트,1+1+1,ROERANCE | 바디미스트@1+1+1,42782041,,,,,,,,
G마켓,2024- 02-02,2024- 02-06,!슈퍼딜,CERACLINIC,프로테인퀀치앰플밤,CERACLINIC | 프로테인퀀치앰플밤,,CERACLINIC | 프로테인퀀치앰플밤@,3369630885,,,,,,,,
G마켓,2024- 02-05,2024- 02-06,!슈퍼딜,VALMONA,얼쓰바이탈샴푸,VALMONA | 얼쓰바이탈샴푸,1+1,VALMONA | 얼쓰바이탈샴푸@1+1,3015066986,,,,,,,,
홈앤쇼핑,2024- 02-10,2024- 02-13,!발렌타인,ROERANCE,바디미스트,ROERANCE | 바디미스트,1+1+1,ROERANCE | 바디미스트@1+1+1,42782041,,,,,,,,
G마켓,2024- 02-17,2024- 02-19,!슈퍼딜,PEDISON 바디,여성청결제,PEDISON 바디 | 여성청결제,2+1,PEDISON 바디 | 여성청결제@2+1,483648529,,,,,,,,
G마켓,2024- 02-15,2024- 02-19,!슈퍼딜,ROERANCE,바디미스트,ROERANCE | 바디미스트,2+1,ROERANCE | 바디미스트@2+1,832114998,,,,,,,,
옥션,2024- 02-13,2024- 02-14,!올킬,BATHPA,스크럽바디워시,BATHPA | 스크럽바디워시,2+1,BATHPA | 스크럽바디워시@2+1,C561340751,,,,,,,,
옥션,2024- 02-18,2024- 02-20,!올킬,MIMI 모먼트,핸드워시,MIMI 모먼트 | 핸드워시,2+1,MIMI 모먼트 | 핸드워시@2+1,B722843500,,,,,,,,
옥션,2024- 02-19,2024- 02-21,!올킬,ROERANCE,바디미스트,ROERANCE | 바디미스트,2+1,ROERANCE | 바디미스트@2+1,B619607455,,,,,,,,
옥션,2024- 02-18,2024- 02-20,!올킬,VALMONA,얼쓰바이탈,VALMONA | 얼쓰바이탈,1+1,VALMONA | 얼쓰바이탈@1+1,D424580460,,,,,,,,
G마켓,2024- 02-21,2024- 02-23,!슈퍼딜,FRAIJOUR,약쑥 토너,FRAIJOUR | 약쑥 토너,1+1,FRAIJOUR | 약쑥 토너@1+1,1416294630,,,,,,,,
G마켓,2024- 02-22,2024- 02-25,!슈퍼딜,MIMI 퍼퓸,섬유향수,MIMI 퍼퓸 | 섬유향수,1+1,MIMI 퍼퓸 | 섬유향수@1+1,1513422925,,,,,,,,
옥션,2024- 02-29,2024- 03-04,!올킬,VALMONA,서리태샴푸,VALMONA | 서리태샴푸,1+1,VALMONA | 서리태샴푸@1+1,B334179973,,,,,,,,
홈앤쇼핑,2024- 03-08,2024- 03-11,!원데이,PEDISON 바디,여성청결제,PEDISON 바디 | 여성청결제,1+1,PEDISON 바디 | 여성청결제@1+1,43355810,,,,,,,,
G마켓,2024- 02-26,2024- 02-28,!슈퍼딜,BATHPA,스크럽바디워시,BATHPA | 스크럽바디워시,2+1,BATHPA | 스크럽바디워시@2+1,2397735259,,,,,,,,
G마켓,2024- 03-01,2024- 03-04,!슈퍼딜,ROERANCE,바디미스트,ROERANCE | 바디미스트,2+1,ROERANCE | 바디미스트@2+1,832114998,,,,,,,,
옥션,2024- 02-29,2024- 03-04,!올킬,BATHPA,스크럽바디워시,BATHPA | 스크럽바디워시,2+1,BATHPA | 스크럽바디워시@2+1,C561340751,,,,,,,,
옥션,2024- 03-02,2024- 03-04,!올킬,MIMI 모먼트,핸드워시,MIMI 모먼트 | 핸드워시,2+1,MIMI 모먼트 | 핸드워시@2+1,B722843500,,,,,,,,
옥션,2024- 03-03,2024- 03-04,!올킬,ROERANCE,바디미스트,ROERANCE | 바디미스트,2+1,ROERANCE | 바디미스트@2+1,B619607455,,,,,,,,
옥션,2024- 03-06,2024- 03-08,!올킬,VALMONA,얼쓰바이탈,VALMONA | 얼쓰바이탈,1+1,VALMONA | 얼쓰바이탈@1+1,D424580460,,,,,,,,
G마켓,2024- 03-02,2024- 03-04,!슈퍼딜,MIMI 퍼퓸,섬유향수,MIMI 퍼퓸 | 섬유향수,1+1,MIMI 퍼퓸 | 섬유향수@1+1,1513422925,,,,,,,,
G마켓,2024- 03-06,2024- 03-08,!슈퍼딜,MIMI 퍼퓸,딥퍼퓸300,MIMI 퍼퓸 | 딥퍼퓸300,1+1,MIMI 퍼퓸 | 딥퍼퓸300@1+1,2274072838,,,,,,,,
G마켓,2024- 03-12,2024- 03-14,!생필원데이,ROERANCE,바디미스트,ROERANCE | 바디미스트,1+1,ROERANCE | 바디미스트@1+1,832114998,,,,,,,,
G마켓,2024- 03-13,2024- 03-15,!슈퍼딜,BATHPA,스크럽바디워시,BATHPA | 스크럽바디워시,2+1,BATHPA | 스크럽바디워시@2+1,2397735259,,,,,,,,
옥션,2024- 03-15,2024- 03-18,!올킬,ROERANCE,바디미스트,ROERANCE | 바디미스트,2+1,ROERANCE | 바디미스트@2+1,B619607455,,,,,,,,
홈앤쇼핑,2024- 03-14,2024- 03-20,!뷰티페스타,ROERANCE,바디미스트,ROERANCE | 바디미스트,1+1+1,ROERANCE | 바디미스트@1+1+1,42782041,42782041 004,,,,,,,
옥션,2024- 03-19,2024- 03-20,!생필품원데이,BATHPA,스크럽바디워시,BATHPA | 스크럽바디워시,2+1,BATHPA | 스크럽바디워시@2+1,C561340751,,,,,,,,
G마켓,2024- 03-24,2024- 03-25,!슈퍼딜,PEDISON 바디,여성청결제,PEDISON 바디 | 여성청결제,1+1,PEDISON 바디 | 여성청결제@1+1,483648529,,,,,,,,
옥션,2024- 03-22,2024- 03-25,!올킬,MIMI 퍼퓸,드레스퍼퓸,MIMI 퍼퓸 | 드레스퍼퓸,1+1,MIMI 퍼퓸 | 드레스퍼퓸@1+1,B594363332,,,,,,,,
옥션,2024- 03-19,2024- 03-20,!생필품원데이,VALMONA,청소년샴푸,VALMONA | 청소년샴푸,1+1,VALMONA | 청소년샴푸@1+1,D424580460,,,,,,,,
GS이숍,2024- 03-20,2024- 03-25,!봄맞이특가,BATHPA,스크럽워시,BATHPA | 스크럽워시,2+1,BATHPA | 스크럽워시@2+1,1009799783,1009799783004,1009799783005,1009799783006,1009799783007,,,,
G마켓,2024- 03-22,2024- 03-25,!슈퍼딜,ROERANCE,바디미스트,ROERANCE | 바디미스트,2+1,ROERANCE | 바디미스트@2+1,832114998,,,,,,,,
G마켓,2024- 03-23,2024- 03-25,!슈퍼딜,BATHPA,스크럽워시,BATHPA | 스크럽워시,2+1,BATHPA | 스크럽워시@2+1,2397735259,,,,,,,,
옥션,2024- 03-26,2024- 03-28,!올킬,ROERANCE,바디미스트,ROERANCE | 바디미스트,2+1,ROERANCE | 바디미스트@2+1,B619607455,,,,,,,,
GS이숍,2024- 03-24,2024- 03-25,!타임특가,FRAIJOUR,약쑥수분크림,FRAIJOUR | 약쑥수분크림,1+1,FRAIJOUR | 약쑥수분크림@1+1,50703532001,,,,,,,,
GS이숍,2024- 03-26,2024- 03-28,!타임특가,BATHPA,스크럽워시,BATHPA | 스크럽워시,2+1,BATHPA | 스크럽워시@2+1,1009799783004,1009799783005,1009799783006,1009799783007,,,,,
G마켓,2024- 03-26,2024- 03-28,!생필품원데이,MIMI 퍼퓸,섬유향수,MIMI 퍼퓸 | 섬유향수,1+1,MIMI 퍼퓸 | 섬유향수@1+1,1513422925,,,,,,,,
옥션,2024- 03-24,2024- 03-25,!올킬,PEDISON 바디,여성 청결제,PEDISON 바디 | 여성 청결제,1+1,PEDISON 바디 | 여성 청결제@1+1,B377660277,,,,,,,,
GS이숍,2024- 03-22,2024- 03-25,!초초특가,ROERANCE,바디미스트,ROERANCE | 바디미스트,2+1,ROERANCE | 바디미스트@2+1,36368524001,36368524002,36368524004,36368524006,36368524008,36368524009,36368524010,36368524011,
GS이숍,2024- 03-31,2024- 04-01,!타임특가,PEDISON 바디,여성청결제,PEDISON 바디 | 여성청결제,1+1,PEDISON 바디 | 여성청결제@1+1,18182254005,18182254003,18182254004,,,,,,
옥션,2024- 03-28,2024- 03-29,!올킬,BATHPA,바스솔트,BATHPA | 바스솔트,,BATHPA | 바스솔트@,B581099953,,,,,,,,
G마켓,2024- 04-03,2024- 04-04,!슈퍼딜,ROERANCE,바디미스트,ROERANCE | 바디미스트,2+1,ROERANCE | 바디미스트@2+1,832114998,,,,,,,,
옥션,2024- 03-29,2024- 04-01,!올킬,MIMI 모먼트,핸드워시,MIMI 모먼트 | 핸드워시,2+1,MIMI 모먼트 | 핸드워시@2+1,B722843500,,,,,,,,
G마켓,2024- 04-04,2024- 04-07,!슈퍼딜,BATHPA,스크럽워시,BATHPA | 스크럽워시,,BATHPA | 스크럽워시@,2397735259,,,,,,,,
옥션,2024- 04-01,2024- 04-03,!올킬,BATHPA,스크럽바디워시,BATHPA | 스크럽바디워시,,BATHPA | 스크럽바디워시@,C561340751,,,,,,,,
옥션,2024- 04-02,2024- 04-03,!생필품데이,ROERANCE,바디미스트,ROERANCE | 바디미스트,2+1,ROERANCE | 바디미스트@2+1,B619607455,,,,,,,,
G마켓,2024- 04-03,2024- 04-04,!슈퍼딜,FRAIJOUR,약쑥 토너,FRAIJOUR | 약쑥 토너,1+1,FRAIJOUR | 약쑥 토너@1+1,1416294630,,,,,,,,
G마켓,2024- 04-09,2024- 04-10,!생필원데이,MIMI 퍼퓸,섬유향수,MIMI 퍼퓸 | 섬유향수,1+1,MIMI 퍼퓸 | 섬유향수@1+1,1513422925,,,,,,,,
G마켓,2024- 04-10,2024- 04-12,!슈퍼딜,VALMONA,바이탈샴푸,VALMONA | 바이탈샴푸,1+1,VALMONA | 바이탈샴푸@1+1,3015066986,,,,,,,,
G마켓,2024- 04-12,2024- 04-15,!슈퍼딜,CHARCHAR,헤어세럼,CHARCHAR | 헤어세럼,1+1,CHARCHAR | 헤어세럼@1+1,1692731979,,,,,,,,
옥션,2024- 04-05,2024- 04-08,!올킬,CHARCHAR,헤어세럼,CHARCHAR | 헤어세럼,1+1,CHARCHAR | 헤어세럼@1+1,B687962411,,,,,,,,
옥션,2024- 04-09,2024- 04-11,!올킬,ROERANCE,바디미스트,ROERANCE | 바디미스트,2+1,ROERANCE | 바디미스트@2+1,B619607455,,,,,,,,
G마켓,2024- 04-15,2024- 04-16,!슈퍼딜,BATHPA,스크럽워시,BATHPA | 스크럽워시,,BATHPA | 스크럽워시@,2397735259,,,,,,,,
G마켓,2024- 04-16,2024- 04-17,!생필품데이,ROERANCE,바디미스트,ROERANCE | 바디미스트,2+1,ROERANCE | 바디미스트@2+1,832114998,,,,,,,,
옥션,2024- 04-16,2024- 04-17,!생필품데이,BATHPA,스크럽워시,BATHPA | 스크럽워시,,BATHPA | 스크럽워시@,C561340751,,,,,,,,
G마켓,2024- 04-15,2024- 04-16,!슈퍼딜,MIMI 퍼퓸,섬유향수,MIMI 퍼퓸 | 섬유향수,1+1,MIMI 퍼퓸 | 섬유향수@1+1,1513422925,,,,,,,,
G마켓,2024- 04-16,2024- 04-18,!생필품원데이,MIMI 퍼퓸,섬유향수,MIMI 퍼퓸 | 섬유향수,1+1,MIMI 퍼퓸 | 섬유향수@1+1,1513422925,,,,,,,,
GS이숍,2024- 04-16,2024- 04-17,!만원의행복,ROERANCE,바디미스트,ROERANCE | 바디미스트,2+1,ROERANCE | 바디미스트@2+1,36368524001,36368524002,36368524004,36368524006,36368524008,36368524009,36368524010,36368524011,
옥션,2024- 04-12,2024- 04-15,!올킬,FRAIJOUR,콜라겐립오일,FRAIJOUR | 콜라겐립오일,1+1,FRAIJOUR | 콜라겐립오일@1+1,D840615092,,,,,,,,
G마켓,2024- 04-20,2024- 04-22,!슈퍼딜,MIMI 퍼퓸,섬유향수,MIMI 퍼퓸 | 섬유향수,1+1,MIMI 퍼퓸 | 섬유향수@1+1,1513422925,,,,,,,,
G마켓,2024- 04-21,2024- 04-23,!슈퍼딜,BATHPA,무드퍼퓸,BATHPA | 무드퍼퓸,1+1+1,BATHPA | 무드퍼퓸@1+1+1,1824691195,,,,,,,,
G마켓,2024- 04-17,2024- 04-18,!슈퍼딜,PEDISON 바디,여성청결제,PEDISON 바디 | 여성청결제,2+1,PEDISON 바디 | 여성청결제@2+1,483648529,,,,,,,,
옥션,2024- 04-19,2024- 04-21,!올킬,BATHPA,스크럽워시,BATHPA | 스크럽워시,2+1,BATHPA | 스크럽워시@2+1,C561340751,,,,,,,,
옥션,2024- 04-20,2024- 04-22,!올킬,ROERANCE,바디미스트,ROERANCE | 바디미스트,2+1,ROERANCE | 바디미스트@2+1,B619607455,,,,,,,,
G마켓,2024- 04-20,2024- 04-22,!슈퍼딜,CHARCHAR,헤어세럼,CHARCHAR | 헤어세럼,1+1,CHARCHAR | 헤어세럼@1+1,1692731979,,,,,,,,
G마켓,2024- 04-23,2024- 04-24,!생필품데이,PEDISON 바디,여성청결제,PEDISON 바디 | 여성청결제,1+1,PEDISON 바디 | 여성청결제@1+1,483648529,,,,,,,,
GS이숍,2024- 04-21,2024- 04-23,!타임특가,FRAIJOUR,약쑥토너,FRAIJOUR | 약쑥토너,1+1,FRAIJOUR | 약쑥토너@1+1,21606783003,,,,,,,,
G마켓,2024- 04-24,2024- 04-25,!슈퍼딜,ROERANCE,바디미스트,ROERANCE | 바디미스트,1+1,ROERANCE | 바디미스트@1+1,832114998,,,,,,,,
G마켓,2024- 04-27,2024- 04-30,!슈퍼딜,BATHPA,스크럽워시,BATHPA | 스크럽워시,,BATHPA | 스크럽워시@,2397735259,,,,,,,,
옥션,2024- 04-26,2024- 04-30,!올킬,ROERANCE,바디미스트,ROERANCE | 바디미스트,1+1,ROERANCE | 바디미스트@1+1,B619607455,,,,,,,,
G마켓,2024- 05-01,2024- 05-02,!슈퍼딜,CHARCHAR,헤어세럼,CHARCHAR | 헤어세럼,1+1,CHARCHAR | 헤어세럼@1+1,1692731979,,,,,,,,
G마켓,2024- 05-03,2024- 05-07,!슈퍼딜,ROERANCE,바디미스트,ROERANCE | 바디미스트,2+1,ROERANCE | 바디미스트@2+1,832114998,,,,,,,,
옥션,2024- 05-01,2024- 05-02,!올킬,BATHPA,스크럽워시,BATHPA | 스크럽워시,2+1,BATHPA | 스크럽워시@2+1,C561340751,,,,,,,,
G마켓,2024- 04-26,2024- 04-30,!슈퍼딜,PEDISON 바디,여성청결제,PEDISON 바디 | 여성청결제,1+1,PEDISON 바디 | 여성청결제@1+1,483648529,,,,,,,,
옥션,2024- 04-25,2024- 04-29,!올킬,BATHPA,스크럽워시,BATHPA | 스크럽워시,2+1,BATHPA | 스크럽워시@2+1,C561340751,,,,,,,,
GS이숍,2024- 04-27,2024- 04-29,!만원의행복,PEDISON 바디,여성청결제,PEDISON 바디 | 여성청결제,1+1,PEDISON 바디 | 여성청결제@1+1,18182254005,18182254003,18182254004,,,,,,
GS이숍,2024- 04-26,2024- 04-29,!만원의행복,CHARCHAR,헤어세럼,CHARCHAR | 헤어세럼,,CHARCHAR | 헤어세럼@,36527089001,,,,,,,,
옥션,2024- 04-30,2024- 05-01,!생필원데이,PEDISON 바디,여성청결제,PEDISON 바디 | 여성청결제,1+1,PEDISON 바디 | 여성청결제@1+1,B377660277,,,,,,,,
G마켓,2024- 04-30,2024- 05-01,!생필원데이,ROERANCE,바디미스트,ROERANCE | 바디미스트,1+1,ROERANCE | 바디미스트@1+1,832114998,,,,,,,,
옥션,2024- 04-30,2024- 05-01,!생필원데이,BATHPA,스크럽워시,BATHPA | 스크럽워시,,BATHPA | 스크럽워시@,C561340751,,,,,,,,
G마켓,2024- 05-05,2024- 05-07,!슈퍼딜,PEDISON 바디,여성청결제,PEDISON 바디 | 여성청결제,1+1,PEDISON 바디 | 여성청결제@1+1,483648529,,,,,,,,
홈앤쇼핑,2024- 05-03,2024- 05-07,!뷰티페스타,FRAIJOUR,약쑥토너,FRAIJOUR | 약쑥토너,1+1,FRAIJOUR | 약쑥토너@1+1,44075301 001,,,,,,,,
홈앤쇼핑,2024- 05-05,2024- 05-07,!뷰티페스타,ROERANCE,바디미스트,ROERANCE | 바디미스트,1+1+1,ROERANCE | 바디미스트@1+1+1,42782041,42782041 004,,,,,,,
GS이숍,2024- 05-09,2024- 05-13,!만원의행복,MIMI 모먼트,핸드워시,MIMI 모먼트 | 핸드워시,2+1,MIMI 모먼트 | 핸드워시@2+1,37803139004,37803139005,37803139006,37803139007,,,,,
GS이숍,2024- 05-11,2024- 05-13,!타임특가,BATHPA,스크럽워시,BATHPA | 스크럽워시,,BATHPA | 스크럽워시@,1009799783004,1009799783005,1009799783006,1009799783007,,,,,
옥션,2024- 05-08,2024- 05-10,!올킬,ROERANCE,바디미스트,ROERANCE | 바디미스트,1+1,ROERANCE | 바디미스트@1+1,B619607455,,,,,,,,
홈앤쇼핑,2024- 05-06,2024- 05-08,!뷰티페스타,FRAIJOUR,약쑥토너,FRAIJOUR | 약쑥토너,1+1,FRAIJOUR | 약쑥토너@1+1,44075301 001,,,,,,,,
GS이숍,2024- 05-14,2024- 05-15,!타임특가,ROERANCE,바디미스트,ROERANCE | 바디미스트,2+1,ROERANCE | 바디미스트@2+1,36368524001,36368524002,36368524004,36368524006,36368524008,36368524009,36368524010,36368524011,
G마켓,2024- 05-13,2024- 05-14,!슈퍼딜,BATHPA,스크럽워시,BATHPA | 스크럽워시,2+1,BATHPA | 스크럽워시@2+1,2397735259,,,,,,,,
G마켓,2024- 05-15,2024- 05-16,!슈퍼딜,ROERANCE,바디미스트,ROERANCE | 바디미스트,1+1,ROERANCE | 바디미스트@1+1,832114998,,,,,,,,
옥션,2024- 05-15,2024- 05-17,!올킬,BATHPA,스크럽워시,BATHPA | 스크럽워시,2+1,BATHPA | 스크럽워시@2+1,C561340751,,,,,,,,
GS이숍,2024- 05-15,2024- 05-16,!타임특가,CHARCHAR,헤어세럼,CHARCHAR | 헤어세럼,1+1,CHARCHAR | 헤어세럼@1+1,37803140001,37803140002,37803140003,37803140004,37803140005,37803140006,37803140007,37803140008,37803140009
옥션,2024- 05-17,2024- 05-17,!올킬,ROERANCE,바디미스트,ROERANCE | 바디미스트,1+1,ROERANCE | 바디미스트@1+1,B619607455,,,,,,,,
옥션,2024- 05-18,2024- 05-20,!올킬,ROERANCE,바디미스트,ROERANCE | 바디미스트,1+1,ROERANCE | 바디미스트@1+1,B619607455,,,,,,,,
G마켓,2024- 05-21,2024- 05-22,!슈퍼딜,ROERANCE,바디미스트,ROERANCE | 바디미스트,1+1,ROERANCE | 바디미스트@1+1,832114998,,,,,,,,
옥션,2024- 05-21,2024- 05-22,!올킬,BATHPA,스크럽워시,BATHPA | 스크럽워시,,BATHPA | 스크럽워시@,C561340751,,,,,,,,
G마켓,2024- 05-22,2024- 05-24,!슈퍼딜,MIMI 퍼퓸,드레스퍼퓸,MIMI 퍼퓸 | 드레스퍼퓸,1+1,MIMI 퍼퓸 | 드레스퍼퓸@1+1,1513422925,,,,,,,,
옥션,2024- 05-23,2024- 05-24,!올킬,BATHPA,무드퍼퓸,BATHPA | 무드퍼퓸,1+1+1,BATHPA | 무드퍼퓸@1+1+1,B867374399,,,,,,,,
GS이숍,2024- 05-22,2024- 05-23,!타임특가,FRAIJOUR,어성초수분크림,FRAIJOUR | 어성초수분크림,1+1,FRAIJOUR | 어성초수분크림@1+1,1002564011001,,,,,,,,
G마켓,2024- 05-31,2024- 06-03,!슈퍼딜,PEDISON 바디,여성청결제,PEDISON 바디 | 여성청결제,1+1,PEDISON 바디 | 여성청결제@1+1,483648529,,,,,,,,
옥션,2024- 06-01,2024- 06-03,!올킬,ROERANCE,바디미스트,ROERANCE | 바디미스트,,ROERANCE | 바디미스트@,B619607455,,,,,,,,
G마켓,2024- 05-24,2024- 05-27,!슈퍼딜,CHARCHAR,헤어세럼,CHARCHAR | 헤어세럼,1+1,CHARCHAR | 헤어세럼@1+1,1692731979,,,,,,,,
G마켓,2024- 05-25,2024- 05-27,!슈퍼딜,PEDISON 바디,여성청결제,PEDISON 바디 | 여성청결제,1+1,PEDISON 바디 | 여성청결제@1+1,483648529,,,,,,,,
G마켓,2024- 05-26,2024- 05-27,!슈퍼딜,ROERANCE,바디미스트,ROERANCE | 바디미스트,2+1,ROERANCE | 바디미스트@2+1,832114998,,,,,,,,
G마켓,2024- 05-28,2024- 05-29,!슈퍼딜,BATHPA,스크럽워시,BATHPA | 스크럽워시,,BATHPA | 스크럽워시@,2397735259,,,,,,,,
옥션,2024- 05-28,2024- 05-29,!올킬,MIMI 모먼트,핸드워시,MIMI 모먼트 | 핸드워시,2+1,MIMI 모먼트 | 핸드워시@2+1,B722843500,,,,,,,,
홈앤쇼핑,2024- 05-30,2024- 06-03,!만원의특가,MIMI 모먼트,핸드워시,MIMI 모먼트 | 핸드워시,1+1+1,MIMI 모먼트 | 핸드워시@1+1+1,45427729,,,,,,,,
G마켓,2024- 05-29,2024- 05-30,!슈퍼딜,ROERANCE,바디미스트,ROERANCE | 바디미스트,1+1,ROERANCE | 바디미스트@1+1,832114998,,,,,,,,
G마켓,2024- 06-03,2024- 06-04,!슈퍼딜,BATHPA,스크럽워시,BATHPA | 스크럽워시,,BATHPA | 스크럽워시@,2397735259,,,,,,,,
G마켓,2024- 06-08,2024- 06-10,!슈퍼딜,PEDISON 바디,여성청결제,PEDISON 바디 | 여성청결제,1+1,PEDISON 바디 | 여성청결제@1+1,483648529,,,,,,,,
G마켓,2024- 06-09,2024- 06-10,!슈퍼딜,BORDO,풋마스크,BORDO | 풋마스크,x5,BORDO | 풋마스크@x5,1501818790,,,,,,,,
옥션,2024- 06-07,2024- 06-10,!올킬,BORDO,풋마스크,BORDO | 풋마스크,x5,BORDO | 풋마스크@x5,B307002308,,,,,,,,
옥션,2024- 06-09,2024- 06-10,!올킬,MIMI 모먼트,핸드워시,MIMI 모먼트 | 핸드워시,,MIMI 모먼트 | 핸드워시@,B722843500,,,,,,,,
옥션,2024- 06-10,2024- 06-11,!올킬,BATHPA,스크럽워시,BATHPA | 스크럽워시,,BATHPA | 스크럽워시@,C561340751,,,,,,,,
옥션,2024- 06-10,2024- 06-11,!올킬,PEDISON 바디,데오드 바디워시,PEDISON 바디 | 데오드 바디워시,,PEDISON 바디 | 데오드 바디워시@,B872317852,,,,,,,,
G마켓,2024- 06-04,2024- 06-05,!슈퍼딜,ROERANCE,바디미스트,ROERANCE | 바디미스트,1+1,ROERANCE | 바디미스트@1+1,832114998,,,,,,,,
G마켓,2024- 06-04,2024- 06-05,!슈퍼딜,CHARCHAR,헤어세럼,CHARCHAR | 헤어세럼,1+1,CHARCHAR | 헤어세럼@1+1,1692731979,,,,,,,,
옥션,2024- 06-04,2024- 06-05,!올킬,BATHPA,스크럽워시,BATHPA | 스크럽워시,,BATHPA | 스크럽워시@,C561340751,,,,,,,,
G마켓,2024- 06-06,2024- 06-07,!슈퍼딜,MIMI 퍼퓸,드레스퍼퓸,MIMI 퍼퓸 | 드레스퍼퓸,1+1,MIMI 퍼퓸 | 드레스퍼퓸@1+1,1513422925,,,,,,,,
옥션,2024- 06-05,2024- 06-07,!올킬,MIMI 퍼퓸,드레스퍼퓸,MIMI 퍼퓸 | 드레스퍼퓸,1+1,MIMI 퍼퓸 | 드레스퍼퓸@1+1,B594363332,,,,,,,,
홈앤쇼핑,2024- 06-07,2024- 06-10,!특가매장,MIMI 모먼트,핸드워시,MIMI 모먼트 | 핸드워시,1+1+1,MIMI 모먼트 | 핸드워시@1+1+1,45427729,,,,,,,,
G마켓,2024- 06-11,2024- 06-12,!슈퍼딜,FRAIJOUR,약쑥수분크림,FRAIJOUR | 약쑥수분크림,1+1,FRAIJOUR | 약쑥수분크림@1+1,1686066496,,,,,,,,
G마켓,2024- 06-15,2024- 06-17,!슈퍼딜,BATHPA,바쓰솔트,BATHPA | 바쓰솔트,1+1,BATHPA | 바쓰솔트@1+1,1402797709,,,,,,,,
G마켓,2024- 06-15,2024- 06-17,!슈퍼딜,MIMI 모먼트,핸드워시,MIMI 모먼트 | 핸드워시,1+1,MIMI 모먼트 | 핸드워시@1+1,1621412261,,,,,,,,
G마켓,2024- 06-14,2024- 06-17,!슈퍼딜,PEDISON 바디,여성청결제,PEDISON 바디 | 여성청결제,1+1,PEDISON 바디 | 여성청결제@1+1,483648529,,,,,,,,
옥션,2024- 06-12,2024- 06-13,!올킬,PEDISON 바디,여성청결제,PEDISON 바디 | 여성청결제,1+1,PEDISON 바디 | 여성청결제@1+1,B377660277,,,,,,,,
옥션,2024- 06-13,2024- 06-14,!올킬,BATHPA,바쓰솔트,BATHPA | 바쓰솔트,,BATHPA | 바쓰솔트@,B581099953,,,,,,,,
옥션,2024- 06-16,2024- 06-17,!올킬,BORDO,풋마스크,BORDO | 풋마스크,,BORDO | 풋마스크@,B307002308,,,,,,,,
G마켓,2024- 06-11,2024- 06-12,!슈퍼딜,ROERANCE,바디미스트,ROERANCE | 바디미스트,1+1,ROERANCE | 바디미스트@1+1,832114998,,,,,,,,
G마켓,2024- 06-11,2024- 06-12,!슈퍼딜,BATHPA,스크럽워시,BATHPA | 스크럽워시,,BATHPA | 스크럽워시@,2397735259,,,,,,,,
G마켓,2024- 06-11,2024- 06-12,!슈퍼딜,PEDISON 바디,데오드바디,PEDISON 바디 | 데오드바디,,PEDISON 바디 | 데오드바디@,1835943962,,,,,,,,
옥션,2024- 06-14,2024- 06-17,!위켄드,BATHPA,스크럽워시,BATHPA | 스크럽워시,,BATHPA | 스크럽워시@,C561340751,,,,,,,,
옥션,2024- 06-14,2024- 06-16,!위켄드,ROERANCE,바디미스트,ROERANCE | 바디미스트,2+1,ROERANCE | 바디미스트@2+1,B619607455,,,,,,,,
옥션,2024- 06-12,2024- 06-13,!올킬,FRAIJOUR,약쑥수분크림,FRAIJOUR | 약쑥수분크림,1+1,FRAIJOUR | 약쑥수분크림@1+1,B723611242,,,,,,,,
GS이숍,2024- 06-12,2024- 06-13,!타임특가,VALMONA,서리태 샴푸,VALMONA | 서리태 샴푸,1+1,VALMONA | 서리태 샴푸@1+1,35429494002,35429494003,35429494001,,,,,,
옥션,2024- 06-18,2024- 06-19,!올킬,BATHPA,스크럽워시,BATHPA | 스크럽워시,,BATHPA | 스크럽워시@,C561340751,,,,,,,,
G마켓,2024- 06-20,2024- 06-21,!슈퍼딜,CHARCHAR,헤어세럼,CHARCHAR | 헤어세럼,,CHARCHAR | 헤어세럼@,1692731979,,,,,,,,
G마켓,2024- 06-21,2024- 06-24,!슈퍼딜,PEDISON 바디,여성청결제,PEDISON 바디 | 여성청결제,,PEDISON 바디 | 여성청결제@,483648529,,,,,,,,
G마켓,2024- 06-22,2024- 06-24,!슈퍼딜,BATHPA,스크럽워시,BATHPA | 스크럽워시,,BATHPA | 스크럽워시@,2397735259,,,,,,,,
옥션,2024- 06-20,2024- 06-24,!올킬,PEDISON 바디,여성청결제,PEDISON 바디 | 여성청결제,,PEDISON 바디 | 여성청결제@,B377660277,,,,,,,,
옥션,2024- 06-20,2024- 06-24,!올킬,MIMI 모먼트,핸드워시,MIMI 모먼트 | 핸드워시,2+1,MIMI 모먼트 | 핸드워시@2+1,B722843500,,,,,,,,
옥션,2024- 06-21,2024- 06-24,!올킬,CHARCHAR,헤어세럼,CHARCHAR | 헤어세럼,,CHARCHAR | 헤어세럼@,B722843500,,,,,,,,
옥션,2024- 06-21,2024- 06-24,!올킬,BATHPA,바스솔트,BATHPA | 바스솔트,1+1,BATHPA | 바스솔트@1+1,B581099953,,,,,,,,
옥션,2024- 06-25,2024- 06-26,!올킬,ROERANCE,바디미스트,ROERANCE | 바디미스트,2+1,ROERANCE | 바디미스트@2+1,B619607455,,,,,,,,
옥션,2024- 06-25,2024- 06-26,!올킬,CHARCHAR,헤어세럼,CHARCHAR | 헤어세럼,,CHARCHAR | 헤어세럼@,B722843500,,,,,,,,
G마켓,2024- 06-24,2024- 06-25,!슈퍼딜,BORDO,풋팩,BORDO | 풋팩,x5,BORDO | 풋팩@x5,1501818790,,,,,,,,
G마켓,2024- 06-26,2024- 06-27,!슈퍼딜,MIMI 모먼트,핸드워시,MIMI 모먼트 | 핸드워시,1+1,MIMI 모먼트 | 핸드워시@1+1,1621412261,,,,,,,,
G마켓,2024- 06-27,2024- 06-28,!슈퍼딜,PEDISON 바디,데오드바디,PEDISON 바디 | 데오드바디,2+1,PEDISON 바디 | 데오드바디@2+1,1835943962,,,,,,,,
G마켓,2024- 06-28,2024- 07-01,!슈퍼딜,PEDISON 바디,여성청결제,PEDISON 바디 | 여성청결제,2+1,PEDISON 바디 | 여성청결제@2+1,483648529,,,,,,,,
G마켓,2024- 06-29,2024- 07-01,!슈퍼딜,BORDO,풋팩,BORDO | 풋팩,x5,BORDO | 풋팩@x5,1501818790,,,,,,,,
옥션,2024- 06-29,2024- 07-01,!올킬,PEDISON 바디,여성청결제,PEDISON 바디 | 여성청결제,2+1,PEDISON 바디 | 여성청결제@2+1,B377660277,,,,,,,,
GS이숍,2024- 06-21,2024- 06-24,!타임특가,FRAIJOUR,약쑥 토너,FRAIJOUR | 약쑥 토너,1+1,FRAIJOUR | 약쑥 토너@1+1,21606783003,,,,,,,,
GS이숍,2024- 06-25,2024- 06-26,!만원의행복,ROERANCE,바디미스트,ROERANCE | 바디미스트,2+1,ROERANCE | 바디미스트@2+1,36368524001,36368524002,36368524004,36368524006,36368524008,36368524009,36368524010,36368524011,
G마켓,2024- 07-02,2024- 07-03,!슈퍼딜,BATHPA,스크럽워시,BATHPA | 스크럽워시,,BATHPA | 스크럽워시@,2397735259,,,,,,,,
G마켓,2024- 07-02,2024- 07-03,!슈퍼딜,ROERANCE,바디미스트,ROERANCE | 바디미스트,1+1,ROERANCE | 바디미스트@1+1,832114998,,,,,,,,
G마켓,2024- 07-04,2024- 07-05,!슈퍼딜,PEDISON 바디,데오드바디,PEDISON 바디 | 데오드바디,2+1,PEDISON 바디 | 데오드바디@2+1,1835943962,,,,,,,,
G마켓,2024- 07-07,2024- 07-08,!슈퍼딜,BATHPA,바스솔트,BATHPA | 바스솔트,1+1,BATHPA | 바스솔트@1+1,1402797709,,,,,,,,
G마켓,2024- 07-07,2024- 07-08,!슈퍼딜,PEDISON 바디,데오드바디,PEDISON 바디 | 데오드바디,2+1,PEDISON 바디 | 데오드바디@2+1,1835943962,,,,,,,,
옥션,2024- 07-01,2024- 07-02,!올킬,BORDO,풋팩,BORDO | 풋팩,x4,BORDO | 풋팩@x4,B307002308,,,,,,,,
옥션,2024- 07-03,2024- 07-05,!올킬,MIMI 모먼트,핸드워시,MIMI 모먼트 | 핸드워시,2+1,MIMI 모먼트 | 핸드워시@2+1,B722843500,,,,,,,,
옥션,2024- 07-06,2024- 07-08,!올킬,CHARCHAR,헤어세럼,CHARCHAR | 헤어세럼,,CHARCHAR | 헤어세럼@,B687962411,,,,,,,,
G마켓,2024- 07-08,2024- 07-10,!슈퍼딜,ROERANCE,바디미스트,ROERANCE | 바디미스트,1+1,ROERANCE | 바디미스트@1+1,832114998,,,,,,,,
옥션,2024- 07-09,2024- 07-10,!올킬,BATHPA,스크럽워시,BATHPA | 스크럽워시,,BATHPA | 스크럽워시@,C561340751,,,,,,,,
G마켓,2024- 07-09,2024- 07-10,!슈퍼딜,PEDISON 바디,여성청결제,PEDISON 바디 | 여성청결제,2+1,PEDISON 바디 | 여성청결제@2+1,483648529,,,,,,,,
G마켓,2024- 07-11,2024- 07-12,!슈퍼딜,BATHPA,스크럽워시,BATHPA | 스크럽워시,,BATHPA | 스크럽워시@,2397735259,,,,,,,,
G마켓,2024- 07-10,2024- 07-11,!슈퍼딜,BORDO,풋팩,BORDO | 풋팩,x5,BORDO | 풋팩@x5,1501818790,,,,,,,,
옥션,2024- 07-13,2024- 07-15,!올킬,MIMI 모먼트,핸드워시,MIMI 모먼트 | 핸드워시,2+1,MIMI 모먼트 | 핸드워시@2+1,B722843500,,,,,,,,
G마켓,2024- 07-14,2024- 07-15,!슈퍼딜,PEDISON 바디,데오드바디,PEDISON 바디 | 데오드바디,2+1,PEDISON 바디 | 데오드바디@2+1,1835943962,,,,,,,,
G마켓,2024- 07-14,2024- 07-15,!위켄드,ROERANCE,바디미스트,ROERANCE | 바디미스트,2+1,ROERANCE | 바디미스트@2+1,8321149980,,,,,,,,
G마켓,2024- 07-14,2024- 07-15,!위켄드,BATHPA,스크럽워시,BATHPA | 스크럽워시,,BATHPA | 스크럽워시@,2397735259,,,,,,,,
옥션,2024- 07-14,2024- 07-15,!위켄드,BATHPA,스크럽워시,BATHPA | 스크럽워시,,BATHPA | 스크럽워시@,C561340751,,,,,,,,
옥션,2024- 07-14,2024- 07-15,!위켄드,ROERANCE,바디미스트,ROERANCE | 바디미스트,2+1,ROERANCE | 바디미스트@2+1,B619607455,,,,,,,,
홈앤쇼핑,2024- 07-11,2024- 07-15,!만원특가,BATHPA,바디 톤 업,BATHPA | 바디 톤 업,,BATHPA | 바디 톤 업@,46676643,,,,,,,,
옥션,2024- 07-16,2024- 07-17,!올킬,ROERANCE,바디미스트,ROERANCE | 바디미스트,2+1,ROERANCE | 바디미스트@2+1,B6196074550,,,,,,,,
옥션,2024- 07-16,2024- 07-17,!생필원데이,CHARCHAR,헤어세럼,CHARCHAR | 헤어세럼,,CHARCHAR | 헤어세럼@,B687962411,,,,,,,,
옥션,2024- 07-17,2024- 07-18,!올킬,MIMI 모먼트,핸드워시,MIMI 모먼트 | 핸드워시,2+1,MIMI 모먼트 | 핸드워시@2+1,B722843500,,,,,,,,
옥션,2024- 07-20,2024- 07-22,!올킬,BORDO,풋팩,BORDO | 풋팩,x3,BORDO | 풋팩@x3,B307002308,,,,,,,,
옥션,2024- 07-21,2024- 07-22,!올킬,PEDISON 바디,청결제,PEDISON 바디 | 청결제,2+1,PEDISON 바디 | 청결제@2+1,B377660277,,,,,,,,
G마켓,2024- 07-15,2024- 07-16,!슈퍼딜,ROERANCE,바디미스트,ROERANCE | 바디미스트,1+1,ROERANCE | 바디미스트@1+1,832114998,,,,,,,,
G마켓,2024- 07-17,2024- 07-18,!슈퍼딜,BATHPA,바스솔트,BATHPA | 바스솔트,,BATHPA | 바스솔트@,1402797709,,,,,,,,
G마켓,2024- 07-19,2024- 07-22,!타임딜,ROERANCE,바디미스트,ROERANCE | 바디미스트,1+1,ROERANCE | 바디미스트@1+1,832114998,,,,,,,,
G마켓,2024- 07-19,2024- 07-22,!슈퍼딜,PEDISON 바디,여성청결제,PEDISON 바디 | 여성청결제,2+1,PEDISON 바디 | 여성청결제@2+1,483648529,,,,,,,,
옥션,2024- 07-15,2024- 07-16,!올킬,ROERANCE,바디미스트,ROERANCE | 바디미스트,1+1,ROERANCE | 바디미스트@1+1,B619607455,,,,,,,,
G마켓,2024- 07-16,2024- 07-23,!생필원데이,MIMI 퍼퓸,섬유향수,MIMI 퍼퓸 | 섬유향수,1+1,MIMI 퍼퓸 | 섬유향수@1+1,1513422925,,,,,,,,
옥션,2024- 07-16,2024- 07-17,!생필원데이,BATHPA,무드퍼퓸,BATHPA | 무드퍼퓸,1+1,BATHPA | 무드퍼퓸@1+1,B867374399,,,,,,,,
홈앤쇼핑,2024- 07-11,2024- 07-15,!만원특가,CERACLINIC,컬링 크림,CERACLINIC | 컬링 크림,,CERACLINIC | 컬링 크림@,47088126,,,,,,,,
GS이숍,2024- 07-22,2024- 07-23,!타임특가,FRAIJOUR,약쑥토너,FRAIJOUR | 약쑥토너,1+1,FRAIJOUR | 약쑥토너@1+1,21606783003,,,,,,,,
GS이숍,2024- 07-23,2024- 07-24,!타임특가,BATHPA,스크럽워시,BATHPA | 스크럽워시,,BATHPA | 스크럽워시@,1009799783003,1009799783004,1009799783005,1009799783006,1009799783007,,,,
G마켓,2024- 07-23,2024- 07-24,!슈퍼딜,BATHPA,스크럽워시,BATHPA | 스크럽워시,,BATHPA | 스크럽워시@,2397735259,,,,,,,,
G마켓,2024- 07-25,2024- 07-26,!슈퍼딜,ROERANCE,바디미스트,ROERANCE | 바디미스트,1+1,ROERANCE | 바디미스트@1+1,832114998,,,,,,,,
G마켓,2024- 07-28,2024- 07-29,!슈퍼딜,PEDISON 바디,데오드바디,PEDISON 바디 | 데오드바디,2+1,PEDISON 바디 | 데오드바디@2+1,1835943962,,,,,,,,
G마켓,2024- 07-27,2024- 07-29,!슈퍼딜,PEDISON 바디,여성청결제,PEDISON 바디 | 여성청결제,2+1,PEDISON 바디 | 여성청결제@2+1,483648529,,,,,,,,
옥션,2024- 07-24,2024- 07-25,!올킬,BATHPA,스크럽워시,BATHPA | 스크럽워시,,BATHPA | 스크럽워시@,C561340751,,,,,,,,
옥션,2024- 07-27,2024- 07-29,!올킬,PEDISON 바디,데오드바디,PEDISON 바디 | 데오드바디,2+1,PEDISON 바디 | 데오드바디@2+1,B872317852,,,,,,,,
옥션,2024- 07-28,2024- 07-29,!올킬,MIMI 모먼트,핸드워시,MIMI 모먼트 | 핸드워시,2+1,MIMI 모먼트 | 핸드워시@2+1,B722843500,,,,,,,,
옥션,2024- 07-24,2024- 07-25,!올킬,CHARCHAR,헤어세럼,CHARCHAR | 헤어세럼,,CHARCHAR | 헤어세럼@,1692731979,,,,,,,,
GS이숍,2024- 07-28,2024- 07-29,!타임특가,FRAIJOUR,약쑥크림,FRAIJOUR | 약쑥크림,1+1,FRAIJOUR | 약쑥크림@1+1,50703532001,,,,,,,,
GS이숍,2024- 07-29,2024- 07-30,!만원의행복,ROERANCE,바디미스트,ROERANCE | 바디미스트,2+1,ROERANCE | 바디미스트@2+1,36368524001,36368524002,36368524004,36368524006,36368524008,36368524009,36368524010,36368524011,
홈앤쇼핑,2024- 07-25,2024- 07-26,!특가오늘,FRAIJOUR,약쑥토너,FRAIJOUR | 약쑥토너,1+1,FRAIJOUR | 약쑥토너@1+1,44075301,,,,,,,,
G마켓,2024- 07-30,2024- 07-31,!슈퍼딜,ROERANCE,바디미스트,ROERANCE | 바디미스트,1+1,ROERANCE | 바디미스트@1+1,832114998,,,,,,,,
옥션,2024- 07-30,2024- 07-31,!올킬,MIMI 모먼트,핸드워시,MIMI 모먼트 | 핸드워시,2+1,MIMI 모먼트 | 핸드워시@2+1,B722843500,,,,,,,,
G마켓,2024- 08-01,2024- 08-05,!타임딜,BATHPA,바스솔트,BATHPA | 바스솔트,,BATHPA | 바스솔트@,1402797709,,,,,,,,
G마켓,2024- 08-03,2024- 08-05,!슈퍼딜,MIMI 모먼트,핸드워시,MIMI 모먼트 | 핸드워시,2+1,MIMI 모먼트 | 핸드워시@2+1,1621412261,,,,,,,,
옥션,2024- 08-04,2024- 08-05,!올킬,PEDISON 바디,청결제,PEDISON 바디 | 청결제,2+1,PEDISON 바디 | 청결제@2+1,B377660277,,,,,,,,
G마켓,2024- 08-06,2024- 08-07,!생필원데이,ROERANCE,바디미스트,ROERANCE | 바디미스트,1+1,ROERANCE | 바디미스트@1+1,832114998,,,,,,,,
G마켓,2024- 08-06,2024- 08-07,!슈퍼딜,BATHPA,스크럽워시,BATHPA | 스크럽워시,,BATHPA | 스크럽워시@,2397735259,,,,,,,,
옥션,2024- 08-06,2024- 08-07,!올킬,PEDISON 바디,데오드바디,PEDISON 바디 | 데오드바디,2+1,PEDISON 바디 | 데오드바디@2+1,B872317852,,,,,,,,
G마켓,2024- 08-10,2024- 08-12,!슈퍼딜,BATHPA,바스솔트,BATHPA | 바스솔트,,BATHPA | 바스솔트@,1402797709,,,,,,,,
G마켓,2024- 08-11,2024- 08-12,!슈퍼딜,CHARCHAR,헤어세럼,CHARCHAR | 헤어세럼,,CHARCHAR | 헤어세럼@,1692731979,,,,,,,,
옥션,2024- 08-05,2024- 08-06,!올킬,CHARCHAR,헤어세럼,CHARCHAR | 헤어세럼,,CHARCHAR | 헤어세럼@,B687962411,,,,,,,,
옥션,2024- 08-08,2024- 08-09,!올킬,ROERANCE,바디미스트,ROERANCE | 바디미스트,1+1,ROERANCE | 바디미스트@1+1,B619607455,,,,,,,,
옥션,2024- 08-09,2024- 08-12,!올킬,BATHPA,스크럽워시,BATHPA | 스크럽워시,,BATHPA | 스크럽워시@,C561340751,,,,,,,,
옥션,2024- 08-11,2024- 08-12,!올킬,CHARCHAR,헤어세럼,CHARCHAR | 헤어세럼,,CHARCHAR | 헤어세럼@,B687962411,,,,,,,,
옥션,2024- 08-11,2024- 08-12,!올킬,PEDISON 바디,데오드바디,PEDISON 바디 | 데오드바디,2+1,PEDISON 바디 | 데오드바디@2+1,B872317852,,,,,,,,
홈앤쇼핑,2024- 08-09,2024- 08-12,!숏라이브,ROERANCE,바디미스트,ROERANCE | 바디미스트,1+1,ROERANCE | 바디미스트@1+1,37288192 001,37288192,37288192 003,37288192 004,37288192 005,37288192 006,37288192 030,37288192 008,37288192 050
G마켓,2024- 08-12,2024- 08-14,!슈퍼딜,MIMI 모먼트,핸드워시,MIMI 모먼트 | 핸드워시,1+1,MIMI 모먼트 | 핸드워시@1+1,1621412261,,,,,,,,
G마켓,2024- 08-14,2024- 08-16,!슈퍼딜,BATHPA,스크럽워시,BATHPA | 스크럽워시,,BATHPA | 스크럽워시@,2397735259,,,,,,,,
G마켓,2024- 08-17,2024- 08-19,!슈퍼딜,ROERANCE,바디미스트,ROERANCE | 바디미스트,1+1,ROERANCE | 바디미스트@1+1,832114998,,,,,,,,
G마켓,2024- 08-18,2024- 08-19,!슈퍼딜,PEDISON 바디,여성청결제,PEDISON 바디 | 여성청결제,1+1,PEDISON 바디 | 여성청결제@1+1,483648529,,,,,,,,
옥션,2024- 08-17,2024- 08-19,!올킬,PEDISON 바디,데오드바디,PEDISON 바디 | 데오드바디,2+1,PEDISON 바디 | 데오드바디@2+1,B872317852,,,,,,,,
옥션,2024- 08-18,2024- 08-19,!올킬,ROERANCE,바디미스트,ROERANCE | 바디미스트,1+1,ROERANCE | 바디미스트@1+1,B619607455,,,,,,,,
G마켓,2024- 08-13,2024- 08-14,!생필원데이,BORDO,풋팩,BORDO | 풋팩,x3,BORDO | 풋팩@x3,1501818790,,,,,,,,
옥션,2024- 08-20,2024- 08-21,!생필원데이,CHARCHAR,헤어세럼,CHARCHAR | 헤어세럼,,CHARCHAR | 헤어세럼@,B687962411,,,,,,,,
G마켓,2024- 08-20,2024- 08-21,!슈퍼딜,MIMI 모먼트,핸드워시,MIMI 모먼트 | 핸드워시,1+1,MIMI 모먼트 | 핸드워시@1+1,1621412261,,,,,,,,
옥션,2024- 08-24,2024- 08-26,!올킬,PEDISON 바디,데오드바디,PEDISON 바디 | 데오드바디,2+1,PEDISON 바디 | 데오드바디@2+1,B872317852,,,,,,,,
G마켓,2024- 08-23,2024- 08-26,!슈퍼딜,ROERANCE,바디미스트,ROERANCE | 바디미스트,1+1,ROERANCE | 바디미스트@1+1,832114998,,,,,,,,
G마켓,2024- 08-24,2024- 08-26,!슈퍼딜,PEDISON 바디,여성청결제,PEDISON 바디 | 여성청결제,1+1,PEDISON 바디 | 여성청결제@1+1,483648529,,,,,,,,
옥션,2024- 08-22,2024- 08-23,!올킬,BATHPA,스크럽워시,BATHPA | 스크럽워시,,BATHPA | 스크럽워시@,C561340751,,,,,,,,
홈앤쇼핑,2024- 08-14,2024- 08-16,!숏라이브,ROERANCE,바디미스트,ROERANCE | 바디미스트,1+1,ROERANCE | 바디미스트@1+1,37288192 001,37288192,37288192 003,37288192 004,37288192 005,37288192 006,37288192 030,37288192 008,37288192 050
홈앤쇼핑,2024- 08-21,2024- 08-22,!숏라이브,ROERANCE,바디미스트,ROERANCE | 바디미스트,1+1,ROERANCE | 바디미스트@1+1,37288192,,,,,,,,
GS이숍,2024- 08-19,2024- 08-21,!체험팩,ROERANCE,핸드워시,ROERANCE | 핸드워시,1+1,ROERANCE | 핸드워시@1+1,1008779285001,,,,,,,,
GS이숍,2024- 08-22,2024- 08-23,!체험팩,PEDISON 바디,여성청결제,PEDISON 바디 | 여성청결제,1+1,PEDISON 바디 | 여성청결제@1+1,18182254,,,,,,,,
G마켓,2024- 08-28,2024- 08-29,!슈퍼딜,ROERANCE,바디미스트,ROERANCE | 바디미스트,1+1,ROERANCE | 바디미스트@1+1,832114998,,,,,,,,
G마켓,2024- 08-29,2024- 08-30,!슈퍼딜,BATHPA,스크럽워시,BATHPA | 스크럽워시,,BATHPA | 스크럽워시@,2397735259,,,,,,,,
옥션,2024- 08-31,2024- 09-02,!올킬,ROERANCE,바디미스트,ROERANCE | 바디미스트,2+1,ROERANCE | 바디미스트@2+1,B619607455,,,,,,,,
옥션,2024- 08-28,2024- 08-29,!올킬,BATHPA,스크럽워시,BATHPA | 스크럽워시,,BATHPA | 스크럽워시@,C561340751,,,,,,,,
옥션,2024- 08-27,2024- 08-28,!생필원데이,ROERANCE,바디미스트,ROERANCE | 바디미스트,2+1,ROERANCE | 바디미스트@2+1,B619607455,,,,,,,,
홈앤쇼핑,2024- 08-23,2024- 08-26,!파트너딜,CERACLINIC,프로테인퀀치,CERACLINIC | 프로테인퀀치,1+1,CERACLINIC | 프로테인퀀치@1+1,39931077,49065510,40299861,,,,,,
GS이숍,2024- 08-25,2024- 08-26,!만원의행복,PEDISON 바디,여성청결제,PEDISON 바디 | 여성청결제,1+1,PEDISON 바디 | 여성청결제@1+1,18182254,,,,,,,,
GS이숍,2024- 08-26,2024- 08-28,!만원의행복,ROERANCE,핸드워시,ROERANCE | 핸드워시,,ROERANCE | 핸드워시@,1008779285,,,,,,,,
그립,2024- 09-06,2024- 09-09,!라이브,MIMI 모먼트,미미로린스,MIMI 모먼트 | 미미로린스,,MIMI 모먼트 | 미미로린스@,qk9xwvpx,q38oxz4e,q7kljexo,qgrwj1wv,nyyevgmy,n8r6eoow,5lomd36l,,
그립,2024- 09-10,2024- 09-11,!라이브,FRAIJOUR,진세노사이드,FRAIJOUR | 진세노사이드,,FRAIJOUR | 진세노사이드@,1008779285001,,,,,,,,
그립,2024- 09-11,2024- 09-12,!라이브,ROSEMINE,로즈마인,ROSEMINE | 로즈마인,,ROSEMINE | 로즈마인@,1008779285001,,,,,,,,
그립,2024- 09-25,2024- 09-26,!라이브,BATHPA,바스파,BATHPA | 바스파,,BATHPA | 바스파@,1008779285001,,,,,,,,
GS이숍,2024- 09-03,2024- 09-04,!타임특가,ROSEMINE,로즈마인,ROSEMINE | 로즈마인,5+1,ROSEMINE | 로즈마인@5+1,1059355721001,,,,,,,,
G마켓,2024- 08-29,2024- 08-30,!슈퍼딜,CHARCHAR,어성초 캡슐샴푸,CHARCHAR | 어성초 캡슐샴푸,,CHARCHAR | 어성초 캡슐샴푸@,3982684887,,,,,,,,
홈앤쇼핑,2024- 08-30,2024- 09-02,!파트너딜,ROSEMINE,스팀소프트,ROSEMINE | 스팀소프트,5+1,ROSEMINE | 스팀소프트@5+1,38745287,,,,,,,,
G마켓,2024- 09-01,2024- 09-02,!슈퍼딜,MIMI 모먼트,핸드워시,MIMI 모먼트 | 핸드워시,1+1,MIMI 모먼트 | 핸드워시@1+1,1621412261,,,,,,,,
홈앤쇼핑,2024- 09-05,2024- 09-09,!파트너딜,ROSEMINE,스팀소프트,ROSEMINE | 스팀소프트,5+1,ROSEMINE | 스팀소프트@5+1,38745287,,,,,,,,
홈앤쇼핑,2024- 09-06,2024- 09-09,!파트너딜,CERACLINIC,프로테인퀀치,CERACLINIC | 프로테인퀀치,1+1,CERACLINIC | 프로테인퀀치@1+1,39931077,49065510,40299861,,,,,,
GS이숍,2024- 09-02,2024- 09-02,!명절선물관,ROSEMINE,스팀소프트,ROSEMINE | 스팀소프트,5+1,ROSEMINE | 스팀소프트@5+1,1059355721001,,,,,,,,
옥션,2024- 09-07,2024- 09-09,!올킬,ROSEMINE,스팀소프트,ROSEMINE | 스팀소프트,5+1,ROSEMINE | 스팀소프트@5+1,B897947013,,,,,,,,
옥션,2024- 09-08,2024- 09-09,!올킬,ROERANCE,바디미스트,ROERANCE | 바디미스트,1+1,ROERANCE | 바디미스트@1+1,B619607455,,,,,,,,
G마켓,2024- 09-11,2024- 09-12,!슈퍼딜,BATHPA,스크럽워시,BATHPA | 스크럽워시,,BATHPA | 스크럽워시@,2397735259,,,,,,,,
G마켓,2024- 09-14,2024- 09-19,!슈퍼딜,ROERANCE,바디미스트,ROERANCE | 바디미스트,1+1,ROERANCE | 바디미스트@1+1,832114998,,,,,,,,
옥션,2024- 09-11,2024- 09-12,!올킬,ROSEMINE,스팀소프트,ROSEMINE | 스팀소프트,5+1,ROSEMINE | 스팀소프트@5+1,B897947013,,,,,,,,
옥션,2024- 09-12,2024- 09-13,!올킬,CHARCHAR,헤어세럼,CHARCHAR | 헤어세럼,,CHARCHAR | 헤어세럼@,B687962411,,,,,,,,
GS이숍,2024- 09-12,2024- 09-13,!만원의행복,PEDISON 바디,여성청결제,PEDISON 바디 | 여성청결제,1+1,PEDISON 바디 | 여성청결제@1+1,18182254,18182254004,18182254003,18182254005,18182254006,18182254001,18182254002,,
GS이숍,2024- 09-17,2024- 09-19,!타임특가,FRAIJOUR,약쑥토너,FRAIJOUR | 약쑥토너,1+1,FRAIJOUR | 약쑥토너@1+1,21606783003,,,,,,,,
GS이숍,2024- 09-21,2024- 09-23,!타임특가,CERACLINIC,노워시트리트먼트,CERACLINIC | 노워시트리트먼트,1+1,CERACLINIC | 노워시트리트먼트@1+1,99116306001,,,,,,,,
G마켓,2024- 09-17,2024- 09-19,!슈퍼딜,BATHPA,스크럽워시,BATHPA | 스크럽워시,,BATHPA | 스크럽워시@,2397735259,,,,,,,,
G마켓,2024- 09-19,2024- 09-20,!슈퍼딜,ROERANCE,바디미스트,ROERANCE | 바디미스트,1+1,ROERANCE | 바디미스트@1+1,832114998,,,,,,,,
G마켓,2024- 09-20,2024- 09-23,!슈퍼딜,ROSEMINE,스팀소프트,ROSEMINE | 스팀소프트,5+1,ROSEMINE | 스팀소프트@5+1,465423945,,,,,,,,
G마켓,2024- 09-20,2024- 09-23,!슈퍼딜,MIMI 모먼트,핸드워시,MIMI 모먼트 | 핸드워시,1+1,MIMI 모먼트 | 핸드워시@1+1,1621412261,,,,,,,,
G마켓,2024- 09-21,2024- 09-23,!슈퍼딜,PEDISON 바디,여성청결제,PEDISON 바디 | 여성청결제,1+1,PEDISON 바디 | 여성청결제@1+1,483648529,,,,,,,,
G마켓,2024- 09-23,2024- 09-24,!슈퍼딜,BATHPA,스크럽워시,BATHPA | 스크럽워시,,BATHPA | 스크럽워시@,2397735259,,,,,,,,
옥션,2024- 09-18,2024- 09-19,!올킬,ROSEMINE,키스바이핸드크림,ROSEMINE | 키스바이핸드크림,x4,ROSEMINE | 키스바이핸드크림@x4,B615183169,,,,,,,,
옥션,2024- 09-22,2024- 09-23,!올킬,ROSEMINE,퍼퓸드핸드크림,ROSEMINE | 퍼퓸드핸드크림,x5,ROSEMINE | 퍼퓸드핸드크림@x5,B743043434,,,,,,,,
옥션,2024- 09-23,2024- 09-24,!올킬,BATHPA,스크럽워시,BATHPA | 스크럽워시,,BATHPA | 스크럽워시@,C561340751,,,,,,,,
그립,2024- 10-08,2024- 10-09,!라이브,ROERANCE,바디미스트,ROERANCE | 바디미스트,,ROERANCE | 바디미스트@,1008779285001,,,,,,,,
G마켓,2024- 09-29,2024- 09-30,!슈퍼딜,PEDISON 바디,여성청결제,PEDISON 바디 | 여성청결제,,PEDISON 바디 | 여성청결제@,483648529,,,,,,,,
G마켓,2024- 09-30,2024- 10-02,!슈퍼딜,BATHPA,스크럽워시,BATHPA | 스크럽워시,,BATHPA | 스크럽워시@,2397735259,,,,,,,,
G마켓,2024- 10-07,2024- 10-08,!슈퍼딜,BATHPA,스크럽워시,BATHPA | 스크럽워시,,BATHPA | 스크럽워시@,2397735259,,,,,,,,
옥션,2024- 10-03,2024- 10-04,!올킬,ROERANCE,바디미스트,ROERANCE | 바디미스트,1+1,ROERANCE | 바디미스트@1+1,B619607455,,,,,,,,
옥션,2024- 10-06,2024- 10-07,!올킬,BATHPA,스크럽워시,BATHPA | 스크럽워시,,BATHPA | 스크럽워시@,C561340751,,,,,,,,
옥션,2024- 10-07,2024- 10-08,!올킬,PEDISON 바디,데오드바디워시,PEDISON 바디 | 데오드바디워시,,PEDISON 바디 | 데오드바디워시@,B872317852,,,,,,,,
옥션,2024- 10-08,2024- 10-10,!올킬,BATHPA,바스솔트,BATHPA | 바스솔트,1+1,BATHPA | 바스솔트@1+1,B581099953,,,,,,,,
옥션,2024- 10-08,2024- 10-10,!올킬,CHARCHAR,헤어세럼,CHARCHAR | 헤어세럼,,CHARCHAR | 헤어세럼@,B687962411,,,,,,,,
GS이숍,2024- 10-11,2024- 10-14,!타임특가,CERACLINIC,노워시트리트먼트,CERACLINIC | 노워시트리트먼트,1+1,CERACLINIC | 노워시트리트먼트@1+1,99116306001,,,,,,,,
GS이숍,2024- 10-12,2024- 10-14,!타임특가,FRAIJOUR,어성초수분크림,FRAIJOUR | 어성초수분크림,1+1,FRAIJOUR | 어성초수분크림@1+1,1002564011001,,,,,,,,
G마켓,2024- 10-10,2024- 10-11,!슈퍼딜,ROSEMINE,키스핸드크림,ROSEMINE | 키스핸드크림,1+1+1+1,ROSEMINE | 키스핸드크림@1+1+1+1,1686132991,,,,,,,,
G마켓,2024- 10-12,2024- 10-14,!슈퍼딜,ROSEMINE,퍼퓸드핸드크림,ROSEMINE | 퍼퓸드핸드크림,1+1+1+1,ROSEMINE | 퍼퓸드핸드크림@1+1+1+1,1635199047,,,,,,,,
G마켓,2024- 10-13,2024- 10-14,!타임특가,MIMI 모먼트,핸드워시,MIMI 모먼트 | 핸드워시,,MIMI 모먼트 | 핸드워시@,1621412261,,,,,,,,
옥션,2024- 10-13,2024- 10-14,!올킬,ROSEMINE,키스핸드크림,ROSEMINE | 키스핸드크림,1+1+1+1,ROSEMINE | 키스핸드크림@1+1+1+1,B615183169,,,,,,,,
G마켓,2024- 10-18,2024- 10-21,!슈퍼딜,ROSEMINE,키스핸드크림,ROSEMINE | 키스핸드크림,1+1+1+1,ROSEMINE | 키스핸드크림@1+1+1+1,1686132991,,,,,,,,
G마켓,2024- 10-18,2024- 10-21,!슈퍼딜,PEDISON 바디,여성청결제,PEDISON 바디 | 여성청결제,1+1,PEDISON 바디 | 여성청결제@1+1,483648529,,,,,,,,
옥션,2024- 10-13,2024- 10-14,!올킬,ROERANCE,바디미스트,ROERANCE | 바디미스트,1+1,ROERANCE | 바디미스트@1+1,B619607455,,,,,,,,
그립,2024- 10-15,2024- 10-18,!핫딜,MIMI 모먼트,갤퍼퓸,MIMI 모먼트 | 갤퍼퓸,1+1,MIMI 모먼트 | 갤퍼퓸@1+1,qk9xwvpx,,,,,,,,
G마켓,2024- 10-15,2024- 10-16,!슈퍼딜,ROSEMINE,퍼퓸드핸드크림,ROSEMINE | 퍼퓸드핸드크림,x4,ROSEMINE | 퍼퓸드핸드크림@x4,1635199047,,,,,,,,
GS이숍,2024- 10-22,2024- 10-23,!만원의행복,PEDISON 바디,여성청결제,PEDISON 바디 | 여성청결제,1+1,PEDISON 바디 | 여성청결제@1+1,18182254,18182254004,18182254003,18182254005,18182254006,18182254001,18182254002,,
G마켓,2024- 10-19,2024- 10-21,!슈퍼딜,CHARCHAR,녹두폼클렌징,CHARCHAR | 녹두폼클렌징,x4,CHARCHAR | 녹두폼클렌징@x4,4174252523,,,,,,,,
G마켓,2024- 10-21,2024- 10-22,!슈퍼딜,BATHPA,스크럽워시,BATHPA | 스크럽워시,,BATHPA | 스크럽워시@,2397735259,,,,,,,,
G마켓,2024- 10-26,2024- 10-28,!슈퍼딜,ROSEMINE,퍼퓸드핸드크림,ROSEMINE | 퍼퓸드핸드크림,x10,ROSEMINE | 퍼퓸드핸드크림@x10,1635199047,,,,,,,,
G마켓,2024- 10-27,2024- 10-28,!슈퍼딜,PEDISON 바디,여성청결제,PEDISON 바디 | 여성청결제,1+1,PEDISON 바디 | 여성청결제@1+1,483648529,,,,,,,,
G마켓,2024- 10-27,2024- 10-28,!슈퍼딜,ROSEMINE,키스핸드크림,ROSEMINE | 키스핸드크림,x5,ROSEMINE | 키스핸드크림@x5,1686132991,,,,,,,,
홈앤쇼핑,2024- 10-24,2024- 10-28,!파트너딜,ROSEMINE,퍼퓸드핸드크림,ROSEMINE | 퍼퓸드핸드크림,x3,ROSEMINE | 퍼퓸드핸드크림@x3,38984706,39667042,37288192,38745287,42782040,47876992,48011353,46676643,
홈앤쇼핑,2024- 10-25,2024- 10-28,!파트너딜,CERACLINIC,프로테인퀀치,CERACLINIC | 프로테인퀀치,1+1,CERACLINIC | 프로테인퀀치@1+1,39931077,49065510,40299861,49065509,49065508,47088126,49381214,49381213,49381211
옥션,2024- 10-29,2024- 10-30,!올킬,ROERANCE,바디미스트,ROERANCE | 바디미스트,2+1,ROERANCE | 바디미스트@2+1,B619607455,,,,,,,,
옥션,2024- 10-29,2024- 10-30,!올킬,ROSEMINE,키스바이핸드크림,ROSEMINE | 키스바이핸드크림,x5,ROSEMINE | 키스바이핸드크림@x5,B615183169,,,,,,,,
옥션,2024- 10-28,2024- 10-29,!올킬,CHARCHAR,헤어세럼,CHARCHAR | 헤어세럼,,CHARCHAR | 헤어세럼@,B687962411,,,,,,,,
옥션,2024- 11-05,2024- 11-10,!올킬,CHARCHAR,녹두폼클렌징,CHARCHAR | 녹두폼클렌징,,CHARCHAR | 녹두폼클렌징@,E756037719,,,,,,,,
옥션,2024- 11-12,2024- 11-13,!올킬,CHARCHAR,헤어세럼,CHARCHAR | 헤어세럼,,CHARCHAR | 헤어세럼@,B687962411,,,,,,,,
G마켓,2024- 11-17,2024- 11-18,!슈퍼딜,PEDISON 바디,여성청결제,PEDISON 바디 | 여성청결제,1+1,PEDISON 바디 | 여성청결제@1+1,483648529,,,,,,,,
그립,2024- 11-19,2024- 11-20,!핫딜,CHARCHAR,녹두클렌징폼,CHARCHAR | 녹두클렌징폼,x4,CHARCHAR | 녹두클렌징폼@x4,nxdw0zdo,,,,,,,,
그립,2024- 11-22,2024- 11-25,!핫딜,MIMI 모먼트,핸드워시,MIMI 모먼트 | 핸드워시,1+1,MIMI 모먼트 | 핸드워시@1+1,nxdw0zdo,,,,,,,,
그립,2024- 11-23,2024- 11-25,!핫딜,MIMI 퍼퓸,딥퍼퓸300ml,MIMI 퍼퓸 | 딥퍼퓸300ml,1+1,MIMI 퍼퓸 | 딥퍼퓸300ml@1+1,nxdw0zdo,,,,,,,,
그립,2024- 11-24,2024- 11-25,!핫딜,MIMI 퍼퓸,디퓨저,MIMI 퍼퓸 | 디퓨저,,MIMI 퍼퓸 | 디퓨저@,nxdw0zdo,,,,,,,,
그립,2024- 11-25,2024- 11-26,!핫딜,BORDO,발각질제거팩,BORDO | 발각질제거팩,x3,BORDO | 발각질제거팩@x3,nxdw0zdo,,,,,,,,
그립,2024- 11-26,2024- 11-27,!핫딜,BATHPA,스크럽워시,BATHPA | 스크럽워시,,BATHPA | 스크럽워시@,nxdw0zdo,,,,,,,,
홈앤쇼핑,2024- 11-14,2024- 11-19,!파트너딜,CHARCHAR,녹두클렌징폼,CHARCHAR | 녹두클렌징폼,x4,CHARCHAR | 녹두클렌징폼@x4,51981159 001,,,,,,,,
옥션,2024- 11-26,2024- 11-27,!올킬,PEDISON 바디,여성청결제,PEDISON 바디 | 여성청결제,2+1,PEDISON 바디 | 여성청결제@2+1,B377660277,,,,,,,,
GS이숍,2024- 11-28,2024- 11-29,!타임특가,FRAIJOUR,약쑥토너,FRAIJOUR | 약쑥토너,1+1,FRAIJOUR | 약쑥토너@1+1,21606783003,,,,,,,,
GS이숍,2024- 11-28,2024- 11-29,!오늘특가,ROSEMINE,퍼퓸드핸드크림,ROSEMINE | 퍼퓸드핸드크림,x5,ROSEMINE | 퍼퓸드핸드크림@x5,17173479,,,,,,,,
G마켓,2024- 11-24,2024- 11-25,!슈퍼딜,BATHPA,스크럽워시,BATHPA | 스크럽워시,,BATHPA | 스크럽워시@,2397735259,,,,,,,,
옥션,2024- 11-23,2024- 11-25,!올킬,ROERANCE,바디미스트,ROERANCE | 바디미스트,2+1,ROERANCE | 바디미스트@2+1,B619607455,,,,,,,,
GS이숍,2024- 12-07,2024- 12-09,!만원의행복,PEDISON 바디,여성청결제,PEDISON 바디 | 여성청결제,1+1,PEDISON 바디 | 여성청결제@1+1,18182254,18182254003,18182254005,18182254004,,,,,
G마켓,2024- 12-09,2024- 12-10,!슈퍼딜,BATHPA,스크럽워시,BATHPA | 스크럽워시,2+1,BATHPA | 스크럽워시@2+1,2397735259,,,,,,,,
G마켓,2024- 12-10,2024- 12-11,!슈퍼딜,PEDISON 바디,여성청결제,PEDISON 바디 | 여성청결제,1+1,PEDISON 바디 | 여성청결제@1+1,2397735259,,,,,,,,
공영홈쇼핑,2024- 12-18,2024- 12-19,!극딜데이,PEDISON 헤어,헤어미스트,PEDISON 헤어 | 헤어미스트,1+1,PEDISON 헤어 | 헤어미스트@1+1,10081299,,,,,,,,
공영홈쇼핑,2024- 12-18,2024- 12-19,!극딜데이,PEDISON 바디,여성청결제,PEDISON 바디 | 여성청결제,1+1,PEDISON 바디 | 여성청결제@1+1,11397378,,,,,,,,
G마켓,2024- 12-10,2024- 12-11,!슈퍼딜,CHARCHAR,헤어세럼,CHARCHAR | 헤어세럼,1+1,CHARCHAR | 헤어세럼@1+1,1692731979,,,,,,,,
G마켓,2024- 12-14,2024- 12-16,!슈퍼딜,ROSEMINE,키스바이핸드크림,ROSEMINE | 키스바이핸드크림,x4,ROSEMINE | 키스바이핸드크림@x4,1686132991,,,,,,,,
옥션,2024- 12-15,2024- 12-16,!올킬,CHARCHAR,헤어세럼,CHARCHAR | 헤어세럼,1+1,CHARCHAR | 헤어세럼@1+1,B687962411,,,,,,,,
카카오 톡스토어,2024- 12-26,2024- 12-30,!톡딜,CERACLINIC,헤어팩,CERACLINIC | 헤어팩,1+1,CERACLINIC | 헤어팩@1+1,319371995,,,,,,,,
G마켓,2024- 12-21,2024- 12-23,!슈퍼딜,BATHPA,스크럽워시,BATHPA | 스크럽워시,2+1,BATHPA | 스크럽워시@2+1,2397735259,,,,,,,,
옥션,2024- 12-23,2024- 12-24,!올킬,ROERANCE,바디미스트,ROERANCE | 바디미스트,1+1,ROERANCE | 바디미스트@1+1,B619607455,,,,,,,,
GS이숍,2025- 01-01,2025- 01-03,!타임특가,FRAIJOUR,약쑥토너,FRAIJOUR | 약쑥토너,1+1,FRAIJOUR | 약쑥토너@1+1,21606783003,,,,,,,,
GS이숍,2025- 01-12,2025- 01-14,!만원의행복,PEDISON 바디,여성청결제,PEDISON 바디 | 여성청결제,1+1,PEDISON 바디 | 여성청결제@1+1,18182254,,,,,,,,
GS이숍,2025- 01-12,2025- 01-14,!티꿀광고,ROSEMINE,스팀소프트,ROSEMINE | 스팀소프트,5+1,ROSEMINE | 스팀소프트@5+1,1059355721001,,,,,,,,
홈앤쇼핑,2025- 01-18,2025- 01-20,!파트너딜,ROSEMINE,스팀소프트,ROSEMINE | 스팀소프트,5+1,ROSEMINE | 스팀소프트@5+1,38745287,55826115,,,,,,,
공영홈쇼핑,2025- 01-28,2025- 02-05,!특가일주,ROERANCE,로에랑스,ROERANCE | 로에랑스,1+1,ROERANCE | 로에랑스@1+1,10578098,,,,,,,,
카카오 톡스토어,2025- 02-08,2025- 02-11,!톡딜,FRAIJOUR,수분크림,FRAIJOUR | 수분크림,1+1,FRAIJOUR | 수분크림@1+1,99942240,,,,,,,,
카카오 톡스토어,2025- 02-11,2025- 02-14,!톡딜,BATHPA,스크럽워시,BATHPA | 스크럽워시,1+1,BATHPA | 스크럽워시@1+1,392687145,,,,,,,,
홈앤쇼핑,2025- 01-21,2025- 01-22,!파트너딜,ROSEMINE,스팀소프트,ROSEMINE | 스팀소프트,5+1,ROSEMINE | 스팀소프트@5+1,38745287,55826115,,,,,,,
옥션,2025- 01-29,2025- 02-03,!올킬,CHARCHAR,헤어세럼,CHARCHAR | 헤어세럼,,CHARCHAR | 헤어세럼@,B687962411,,,,,,,,
GS이숍,2025- 01-31,2025- 02-05,!타임특가,CERACLINIC,프로테인퀀치 ,CERACLINIC | 프로테인퀀치 ,1+1,CERACLINIC | 프로테인퀀치 @1+1,99116306001,,,,,,,,
GS이숍,2025- 02-03,2025- 02-05,!타임특가,FRAIJOUR,약쑥 수분크림 ,FRAIJOUR | 약쑥 수분크림 ,1+1,FRAIJOUR | 약쑥 수분크림 @1+1,50703532001,,,,,,,,
G마켓,2025- 01-25,2025- 01-27,!슈퍼딜,ROERANCE,바디미스트,ROERANCE | 바디미스트,1+1,ROERANCE | 바디미스트@1+1,832114998,,,,,,,,
G마켓,2025- 02-02,2025- 02-03,!슈퍼딜,ROERANCE,바디미스트,ROERANCE | 바디미스트,1+1,ROERANCE | 바디미스트@1+1,832114998,,,,,,,,
카카오 톡스토어,2025- 02-23,2025- 02-28,!톡딜,BATHPA,스크럽워시,BATHPA | 스크럽워시,1+1,BATHPA | 스크럽워시@1+1,392687145,,,,,,,,
GS이숍,2025- 02-01,2025- 02-04,!만원의 행복,PEDISON 바디,데오드 바디클렌져 ,PEDISON 바디 | 데오드 바디클렌져 ,2+1,PEDISON 바디 | 데오드 바디클렌져 @2+1,21454065001,,,,,,,,
GS이숍,2025- 02-05,2025- 02-10,!뷰티특가왕행사,FRAIJOUR,약쑥 쑥토너,FRAIJOUR | 약쑥 쑥토너,1+1,FRAIJOUR | 약쑥 쑥토너@1+1,21606783003,,,,,,,,
GS이숍,2025- 02-10,2025- 02-11,!타임특가,CHARCHAR,녹두폼,CHARCHAR | 녹두폼,4,CHARCHAR | 녹두폼@4,1066344976001,,,,,,,,
G마켓,2025- 02-06,2025- 02-10,!슈퍼딜,BATHPA,바디스크럽,BATHPA | 바디스크럽,,BATHPA | 바디스크럽@,2397735259,,,,,,,,
홈앤쇼핑,2025- 02-08,2025- 02-10,!파트너딜,BATHPA,바디스크럽,BATHPA | 바디스크럽,1+1,BATHPA | 바디스크럽@1+1,42782040,,,,,,,,
홈앤쇼핑,2025- 02-08,2025- 02-10,!파트너딜,ROERANCE,로에랑스바디,ROERANCE | 로에랑스바디,1+1+1,ROERANCE | 로에랑스바디@1+1+1,42782041,,,,,,,,
G마켓,2025- 02-13,2025- 02-17,!슈퍼딜,PEDISON 바디,여성청결제,PEDISON 바디 | 여성청결제,,PEDISON 바디 | 여성청결제@,483648529,,,,,,,,
카카오 톡스토어,2025- 03-05,2025- 03-11,!톡딜,ROSEMINE,로즈마인 핸드크림 *10,ROSEMINE | 로즈마인 핸드크림 *10,10,ROSEMINE | 로즈마인 핸드크림 *10@10,113751930,,,,,,,,
카카오 톡스토어,2025- 03-03,2025- 03-12,!톡딜  위크,BORDO,풋팩 1+1+1,BORDO | 풋팩 1+1+1,10,BORDO | 풋팩 1+1+1@10,99941659,,,,,,,,
카카오 톡스토어,2025- 03-03,2025- 03-12,!톡딜 위크,CERACLINIC,앰플밤 150ml,CERACLINIC | 앰플밤 150ml,10,CERACLINIC | 앰플밤 150ml@10,329166316,,,,,,,,
GS이숍,2025- 03-07,2025- 03-11,!타임특가,CHARCHAR,녹두폼,CHARCHAR | 녹두폼,4,CHARCHAR | 녹두폼@4,1066344976001,,,,,,,,
그립,2025- 03-05,2025- 03-10,라이브,,, | ,, | @,nxdw0zdo,,,,,,,,
GS이숍,2025- 03-17,2025- 03-20,!타임특가,FRAIJOUR,쑥수분크림,FRAIJOUR | 쑥수분크림,1+1,FRAIJOUR | 쑥수분크림@1+1,50703532001,,,,,,,,
GS이숍,2025- 03-18,2025- 03-20,!타임특가,PEDISON 바디,알로애&콜라겐,PEDISON 바디 | 알로애&콜라겐,1+1,PEDISON 바디 | 알로애&콜라겐@1+1,23629567,,,,,,,,
홈앤쇼핑,2025- 03-10,2025- 03-12,!빅적립데이,ROERANCE,로에랑스바디미스트,ROERANCE | 로에랑스바디미스트,1+1+1,ROERANCE | 로에랑스바디미스트@1+1+1,42782041,,,,,,,,
옥션,2025- 03-11,2025- 03-14,!올킬,ROERANCE,로에랑스,ROERANCE | 로에랑스,1+1,ROERANCE | 로에랑스@1+1,B619607455,,,,,,,,
카카오 톡스토어,2025- 03-19,2025- 03-24,!톡딜,FRAIJOUR,프로크림,FRAIJOUR | 프로크림,1+1,FRAIJOUR | 프로크림@1+1,321649448,,,,,,,,
G마켓,2025- 03-16,2025- 03-18,!슈퍼딜,ROERANCE,바디미스트,ROERANCE | 바디미스트,1+1,ROERANCE | 바디미스트@1+1,832114998,,,,,,,,
옥션,2025- 03-24,2025- 03-26,!올킬,ROERANCE,로에랑스,ROERANCE | 로에랑스,1+1,ROERANCE | 로에랑스@1+1,B619607455,,,,,,,,
GS이숍,2025- 03-27,2025- 03-31,!만원의 행복,CHARCHAR,헤어세럼,CHARCHAR | 헤어세럼,,CHARCHAR | 헤어세럼@,36527089001,,,,,,,,
홈앤쇼핑,2025- 03-30,2025- 04-01,!빅적립데이,ROERANCE,로에랑스바디미스트,ROERANCE | 로에랑스바디미스트,1+1+1,ROERANCE | 로에랑스바디미스트@1+1+1,42782041,,,,,,,,
그립,2025- 03-06,2025- 03-10,핫딜,MIMI 모먼트,딥퍼퓸,MIMI 모먼트 | 딥퍼퓸,1+1,MIMI 모먼트 | 딥퍼퓸@1+1,nxdw0zdo,,,,,,,,
그립,2025- 03-06,2025- 03-10,핫딜,MIMI 모먼트,핸드워시 ,MIMI 모먼트 | 핸드워시 ,1+1,MIMI 모먼트 | 핸드워시 @1+1,nxdw0zdo,,,,,,,,
GS이숍,2025- 04-09,2025- 04-11,!하루특가,CHARCHAR,녹두폼,CHARCHAR | 녹두폼,1+1+1+1,CHARCHAR | 녹두폼@1+1+1+1,1066344976001,,,,,,,,
GS이숍,2025- 04-15,2025- 04-16,!타임특가,ROERANCE,로에랑스,ROERANCE | 로에랑스,1+1,ROERANCE | 로에랑스@1+1,36368525,,,,,,,,
GS이숍,2025- 04-14,2025- 04-17,체험팩,PEDISON 바디,알로애 청결제(거품&액상),PEDISON 바디 | 알로애 청결제(거품&액상),1+1,PEDISON 바디 | 알로애 청결제(거품&액상)@1+1,23629567,,,,,,,,
GS이숍,2025- 04-21,2025- 04-23,!!만원의 행복,PEDISON 바디,한방 청결제(거품&액상),PEDISON 바디 | 한방 청결제(거품&액상),1+1,PEDISON 바디 | 한방 청결제(거품&액상)@1+1,18182254,,,,,,,,
스마트스토어,2025- 04-11,2025- 04-28,!!원뿔템,CERACLINIC,루트토닉,CERACLINIC | 루트토닉,1+1,CERACLINIC | 루트토닉@1+1,11677359591,,,,,,,,
스마트스토어,2025- 04-18,2025- 04-30,!!원뿔템,FRAIJOUR,허니크림+토너,FRAIJOUR | 허니크림+토너,1+1,FRAIJOUR | 허니크림+토너@1+1,9652949332,,,,,,,,
옥션,2025- 04-20,2025- 04-26,!올킬,ROERANCE,로에랑스,ROERANCE | 로에랑스,1+1,ROERANCE | 로에랑스@1+1,B619607455,,,,,,,,
G마켓,2025- 04-22,2025- 04-25,!슈퍼딜,ROERANCE,바디미스트,ROERANCE | 바디미스트,1+1,ROERANCE | 바디미스트@1+1,832114998,,,,,,,,
G마켓,2025- 04-24,2025- 04-30,!슈퍼딜,BATHPA,바디스크럽,BATHPA | 바디스크럽,,BATHPA | 바디스크럽@,2397735259,,,,,,,,
GS이숍,2025- 04-25,2025- 04-28,!!오늘의 특가,FRAIJOUR,어성초수분크림,FRAIJOUR | 어성초수분크림,1+1,FRAIJOUR | 어성초수분크림@1+1,1002564011,,,,,,,,
G마켓,2025- 05-02,2025- 05-04,!슈퍼딜,ROERANCE,바디미스트,ROERANCE | 바디미스트,1+1,ROERANCE | 바디미스트@1+1,832114998,,,,,,,,
스마트스토어,2025- 04-25,2025- 05-01,!!원뿔템,PEDISON 바디,페디슨 청결제,PEDISON 바디 | 페디슨 청결제,1+1,PEDISON 바디 | 페디슨 청결제@1+1,758297134,,,,,,,,
스마트스토어,2025- 04-18,2025- 04-30,!!원뿔템,CERACLINIC,헤어팩+퀀치,CERACLINIC | 헤어팩+퀀치,1+1,CERACLINIC | 헤어팩+퀀치@1+1,10529001110,,,,,,,,
GS이숍,2025- 05-09,2025- 05-13,!!만원의 행복,CHARCHAR,샤샤아르간헤어세럼,CHARCHAR | 샤샤아르간헤어세럼,,CHARCHAR | 샤샤아르간헤어세럼@,36527089,,,,,,,,
홈앤쇼핑,2025- 04-30,2025- 05-01,!빅적립데이,ROERANCE,로에랑스바디미스트,ROERANCE | 로에랑스바디미스트,1+1+1,ROERANCE | 로에랑스바디미스트@1+1+1,42782041,,,,,,,,
스마트스토어,2025- 05-01,2025- 05-15,!!원뿔템,FRAIJOUR,프로크림+토너,FRAIJOUR | 프로크림+토너,1+1,FRAIJOUR | 프로크림+토너@1+1,9653412627,,,,,,,,
스마트스토어,2025- 05-01,2025- 05-15,!!원뿔템,BORDO,풋스틱+풋팩,BORDO | 풋스틱+풋팩,1+1,BORDO | 풋스틱+풋팩@1+1,9686325137,,,,,,,,
GS이숍,2025- 05-01,2025- 05-02,!!타임특가,FRAIJOUR,쑥수분크림,FRAIJOUR | 쑥수분크림,1+1,FRAIJOUR | 쑥수분크림@1+1,50703532,,,,,,,,
스마트스토어,2025- 05-05,2025- 05-19,!!원뿔템,CERACLINIC,앰플샴푸+헤어팩,CERACLINIC | 앰플샴푸+헤어팩,1+1,CERACLINIC | 앰플샴푸+헤어팩@1+1,10735792482,,,,,,,,
스마트스토어,2025- 05-12,2025- 05-21,!!원뿔템,PEDISON 바디,락토 청결제,PEDISON 바디 | 락토 청결제,1+1,PEDISON 바디 | 락토 청결제@1+1,8912999917,,,,,,,,
GS이숍,2025- 05-11,2025- 05-13,!!띠꿀,FRAIJOUR,어성초크림,FRAIJOUR | 어성초크림,1+1,FRAIJOUR | 어성초크림@1+1,1002564011001,,,,,,,,
스마트스토어,2025- 05-22,2025- 06-05,!!원뿔템,ROERANCE,1+1 로에랑스,ROERANCE | 1+1 로에랑스,1+1,ROERANCE | 1+1 로에랑스@1+1,2508195294,,,,,,,,
스마트스토어,2025- 05-22,2025- 06-05,!!원뿔템,CERACLINIC,1+1 세라클리닉 헤어팩,CERACLINIC | 1+1 세라클리닉 헤어팩,1+1,CERACLINIC | 1+1 세라클리닉 헤어팩@1+1,10537633564,,,,,,,,
스마트스토어,2025- 05-22,2025- 06-05,!!원뿔템,PEDISON 바디,1+1 소다클렌져,PEDISON 바디 | 1+1 소다클렌져,1+1,PEDISON 바디 | 1+1 소다클렌져@1+1,5620994880,,,,,,,,
홈앤쇼핑,2025- 05-20,2025- 05-22,!파트너딜,CHARCHAR,헤어세럼3+에센스1,CHARCHAR | 헤어세럼3+에센스1,1+1+1,CHARCHAR | 헤어세럼3+에센스1@1+1+1,44541812,,,,,,,,
GS이숍,2025- 05-28,2025- 05-30,!!만원의 행복,PEDISON 바디,허니프로폴리스,PEDISON 바디 | 허니프로폴리스,1+1,PEDISON 바디 | 허니프로폴리스@1+1,23629565,,,,,,,,
GS이숍,2025- 06-04,2025- 06-05,!!MDPICK 하루특가,ROERANCE,로에랑스 바디미스트,ROERANCE | 로에랑스 바디미스트,1+1,ROERANCE | 로에랑스 바디미스트@1+1,36368525,,,,,,,,
GS이숍,2025- 06-06,2025- 06-11,! 타임특가,CHARCHAR,샤샤 녹두폼 ,CHARCHAR | 샤샤 녹두폼 ,1+1+1+1,CHARCHAR | 샤샤 녹두폼 @1+1+1+1,1066344976,,,,,,,,
홈앤쇼핑,2025- 06-10,2025- 06-16,!파트너딜,ROERANCE,로에랑스 바디미스트,ROERANCE | 로에랑스 바디미스트,1+1+1,ROERANCE | 로에랑스 바디미스트@1+1+1,42782041,,,,,,,,
스마트스토어,2025- 06-06,2025- 06-21,!!원뿔템,MIMI 모먼트,1+1 딥퍼퓸,MIMI 모먼트 | 1+1 딥퍼퓸,1+1,MIMI 모먼트 | 1+1 딥퍼퓸@1+1,334445895,,,,,,,,
스마트스토어,2025- 06-06,2025- 06-21,!!원뿔템,CERACLINIC,1+1 앰플밤,CERACLINIC | 1+1 앰플밤,1+1,CERACLINIC | 1+1 앰플밤@1+1,10537696033,,,,,,,,
스마트스토어,2025- 06-09,2025- 06-24,!!원뿔템,PEDISON 바디,1+1 한방샴푸&컨디셔너,PEDISON 바디 | 1+1 한방샴푸&컨디셔너,1+1,PEDISON 바디 | 1+1 한방샴푸&컨디셔너@1+1,2048288497,,,,,,,,
GS이숍,2025- 06-09,2025- 06-11,!티꿀,CERACLINIC,노워시 트리트먼트,CERACLINIC | 노워시 트리트먼트,1+1,CERACLINIC | 노워시 트리트먼트@1+1,99116306,,,,,,,,
GS이숍,2025- 06-09,2025- 06-12,!뷰티페스타,PEDISON 바디,한방청결제,PEDISON 바디 | 한방청결제,1+1,PEDISON 바디 | 한방청결제@1+1,18182254,,,,,,,,
GS이숍,2025- 06-11,2025- 06-13,!만원의 행복,CHARCHAR,쿨링 바디워시,CHARCHAR | 쿨링 바디워시,,CHARCHAR | 쿨링 바디워시@,1080359666,,,,,,,,
GS이숍,2025- 06-13,2025- 06-19,!웰컴썸머,BATHPA,바쓰솔트 1200G,BATHPA | 바쓰솔트 1200G,,BATHPA | 바쓰솔트 1200G@,36109919,,,,,,,,
홈앤쇼핑,2025- 06-14,2025- 06-19,!파트너딜,CERACLINIC,노워시 트리트먼트,CERACLINIC | 노워시 트리트먼트,1+1,CERACLINIC | 노워시 트리트먼트@1+1,39931077,,,,,,,,
G마켓,2025- 06-17,2025- 06-19,!슈퍼딜,ROERANCE,바디미스트,ROERANCE | 바디미스트,2+1,ROERANCE | 바디미스트@2+1,832114998,,,,,,,,
카카오 톡스토어,2025- 06-18,2025- 06-23,!패션뷰티바캉스,CHARCHAR,쿨링바디워시,CHARCHAR | 쿨링바디워시,,CHARCHAR | 쿨링바디워시@,524961999,,,,,,,,
카카오 톡스토어,2025- 06-18,2025- 06-23,!패션뷰티바캉스,FRAIJOUR,프레쥬 쑥 수분크림,FRAIJOUR | 프레쥬 쑥 수분크림,1+1,FRAIJOUR | 프레쥬 쑥 수분크림@1+1,99942240,,,,,,,,
GS이숍,2025- 06-22,2025- 06-24,!컨틴전시(카톡연합),CHARCHAR,녹두폼,CHARCHAR | 녹두폼,1+1+1+1,CHARCHAR | 녹두폼@1+1+1+1,1066344976,,,,,,,,
GS이숍,2025- 06-19,2025- 06-23,!만원의 행복,PEDISON 바디,한방 청결제,PEDISON 바디 | 한방 청결제,1+1,PEDISON 바디 | 한방 청결제@1+1,18182254,,,,,,,,
GS이숍,2025- 06-23,2025- 06-26,!만원의 행복,CHARCHAR,샤샤 헤어세럼,CHARCHAR | 샤샤 헤어세럼,3+1,CHARCHAR | 샤샤 헤어세럼@3+1,36527089,,,,,,,,
스마트스토어,2025- 06-26,2025- 07-11,!!원뿔템,MIMI 모먼트,핸드워시,MIMI 모먼트 | 핸드워시,1+1+1,MIMI 모먼트 | 핸드워시@1+1+1,7889415087,,,,,,,,
스마트스토어,2025- 06-23,2025- 07-08,!!원뿔템,CERACLINIC,헤어팩+트리트먼트,CERACLINIC | 헤어팩+트리트먼트,1+1,CERACLINIC | 헤어팩+트리트먼트@1+1,10529001110,,,,,,,,
GS이숍,2025- 06-27,2025- 06-30,!타임특가,PEDISON 바디,한방 자무 ,PEDISON 바디 | 한방 자무 ,1+1+1,PEDISON 바디 | 한방 자무 @1+1+1,1031632648,,,,,,,,
G마켓,2025- 06-26,2025- 06-30,!슈퍼딜,BORDO,풋팩,BORDO | 풋팩,1+1+1,BORDO | 풋팩@1+1+1,1501818790,,,,,,,,
옥션,2025- 06-27,2025- 06-30,!올킬,ROERANCE,로에랑스,ROERANCE | 로에랑스,1+1,ROERANCE | 로에랑스@1+1,B619607455,,,,,,,,
G마켓,2025- 06-24,2025- 06-26,!슈퍼딜,BATHPA,바디스크럽,BATHPA | 바디스크럽,,BATHPA | 바디스크럽@,2397735259,,,,,,,,
홈앤쇼핑,2025- 06-28,2025- 06-30,!파트너딜,BATHPA,바디스크럽,BATHPA | 바디스크럽,1+1+1,BATHPA | 바디스크럽@1+1+1,42782040,,,,,,,,
GS이숍,2025- 07-03,2025- 07-06,!타임특가,CHARCHAR,쿨링샴푸,CHARCHAR | 쿨링샴푸,1+1,CHARCHAR | 쿨링샴푸@1+1,96461761,,,,,,,,
GS이숍,2025- 07-05,2025- 07-07,!만원의 행복,CERACLINIC,헤어팩 600ml,CERACLINIC | 헤어팩 600ml,,CERACLINIC | 헤어팩 600ml@,1081628034,,,,,,,,
GS이숍,2025- 07-06,2025- 07-08,!타임특가,FRAIJOUR,프레쥬 어성초 크림,FRAIJOUR | 프레쥬 어성초 크림,1+1,FRAIJOUR | 프레쥬 어성초 크림@1+1,1002564011,,,,,,,,
G마켓,2025- 06-30,2025- 07-06,!슈퍼딜,BATHPA,바디스크럽,BATHPA | 바디스크럽,,BATHPA | 바디스크럽@,2397735259,,,,,,,,
GS이숍,2025- 07-06,2025- 07-09,!원데이특가,CERACLINIC,노워시 트리트먼트,CERACLINIC | 노워시 트리트먼트,1+1,CERACLINIC | 노워시 트리트먼트@1+1,99116306,,,,,,,,
홈앤쇼핑,2025- 07-03,2025- 07-07,!파트너딜,ROERANCE,바디미스트,ROERANCE | 바디미스트,1+1+1,ROERANCE | 바디미스트@1+1+1,42782041,,,,,,,,
GS이숍,2025- 07-06,2025- 07-08,!그레잇 썬데이(연합),ROERANCE,로에랑스,ROERANCE | 로에랑스,1+1,ROERANCE | 로에랑스@1+1,36368525,,,,,,,,
GS이숍,2025- 07-07,2025- 07-10,!체험특가(연합),CHARCHAR,아르간 헤어세럼,CHARCHAR | 아르간 헤어세럼,,CHARCHAR | 아르간 헤어세럼@,36527089,,,,,,,,
G마켓,2025- 07-03,2025- 07-10,!슈퍼딜,PEDISON 바디,여성 청결제,PEDISON 바디 | 여성 청결제,1+1,PEDISON 바디 | 여성 청결제@1+1,483648529,,,,,,,,
G마켓,2025- 07-03,2025- 07-06,!슈퍼딜,ROERANCE,로에랑스,ROERANCE | 로에랑스,1+1,ROERANCE | 로에랑스@1+1,832114998,,,,,,,,
G마켓,2025- 07-03,2025- 07-10,!슈퍼딜,PEDISON 바디,데오드,PEDISON 바디 | 데오드,1+1,PEDISON 바디 | 데오드@1+1,1835943962,,,,,,,,
GS이숍,2025- 07-11,2025- 07-15,!타임특가,FRAIJOUR,프레쥬 어성초 토너,FRAIJOUR | 프레쥬 어성초 토너,1+1,FRAIJOUR | 프레쥬 어성초 토너@1+1,93409252,,,,,,,,
GS이숍,2025- 07-13,2025- 07-16,!만원의 행복,CERACLINIC,노워시 트리트먼트,CERACLINIC | 노워시 트리트먼트,,CERACLINIC | 노워시 트리트먼트@,99116306,,,,,,,,
G마켓,2025- 07-07,2025- 07-09,!슈퍼딜,ROERANCE,로에랑스,ROERANCE | 로에랑스,1+1,ROERANCE | 로에랑스@1+1,832114998,,,,,,,,
옥션,2025- 07-09,2025- 07-09,!올킬,ROERANCE,로에랑스,ROERANCE | 로에랑스,1+1,ROERANCE | 로에랑스@1+1,B619607455,,,,,,,,
옥션,2025- 07-13,2025- 07-14,!올킬,BORDO,풋팩,BORDO | 풋팩,,BORDO | 풋팩@,B307002308,,,,,,,,
G마켓,2025- 07-15,2025- 07-16,!슈퍼딜,ROERANCE,로에랑스,ROERANCE | 로에랑스,1+1,ROERANCE | 로에랑스@1+1,832114998,,,,,,,,
스마트스토어,2025- 07-14,2025- 07-29,!!원뿔템,MIMI 퍼퓸,드레스퍼퓸,MIMI 퍼퓸 | 드레스퍼퓸,1+1,MIMI 퍼퓸 | 드레스퍼퓸@1+1,251838096,,,,,,,,
스마트스토어,2025- 07-14,2025- 07-29,!!원뿔템,CERACLINIC,앰플오일,CERACLINIC | 앰플오일,1+1,CERACLINIC | 앰플오일@1+1,10537698325,,,,,,,,
GS이숍,2025- 07-16,2025- 07-18,!만원의 행복,CHARCHAR,헤어세럼 ,CHARCHAR | 헤어세럼 ,,CHARCHAR | 헤어세럼 @,36527089,,,,,,,,
GS이숍,2025- 07-18,2025- 07-22,!만원의 행복,CERACLINIC,앰플밤,CERACLINIC | 앰플밤,1+1,CERACLINIC | 앰플밤@1+1,1047273130,,,,,,,,
GS이숍,2025- 07-18,2025- 07-21,!타임특가,CHARCHAR,녹두폼,CHARCHAR | 녹두폼,1+1+1+1,CHARCHAR | 녹두폼@1+1+1+1,1066344976,,,,,,,,
G마켓,2025- 07-15,2025- 07-22,!슈퍼딜(시스템),PEDISON 바디,페디슨,PEDISON 바디 | 페디슨,1+1,PEDISON 바디 | 페디슨@1+1,483648529,,,,,,,,
G마켓,2025- 07-15,2025- 07-22,!슈퍼딜(시스템),MIMI 모먼트,미미로린스,MIMI 모먼트 | 미미로린스,1+1,MIMI 모먼트 | 미미로린스@1+1,1621412261,,,,,,,,
GS이숍,2025- 07-20,2025- 07-22,!티꿀,FRAIJOUR,쑥토너,FRAIJOUR | 쑥토너,1+1,FRAIJOUR | 쑥토너@1+1,21606783,,,,,,,,
GS이숍,2025- 07-20,2025- 07-21,!원데이특가,ROERANCE,로에랑스,ROERANCE | 로에랑스,1+1,ROERANCE | 로에랑스@1+1,36368525,,,,,,,,
G마켓,2025- 07-17,2025- 07-22,!슈퍼딜(시스템),OTHERS,까마 옴므,OTHERS | 까마 옴므,1+1,OTHERS | 까마 옴므@1+1,4197652497,,,,,,,,
G마켓,2025- 07-17,2025- 07-22,!슈퍼딜(시스템),BATHPA,바디스크럽,BATHPA | 바디스크럽,,BATHPA | 바디스크럽@,2397735259,,,,,,,,
G마켓,2025- 07-24,2025- 07-25,!크레이G,ROERANCE,로에랑스,ROERANCE | 로에랑스,1+1,ROERANCE | 로에랑스@1+1,832114998,,,,,,,,
GS이숍,2025- 07-28,2025- 07-30,!타임특가,PEDISON 헤어,헤어세럼,PEDISON 헤어 | 헤어세럼,1+1,PEDISON 헤어 | 헤어세럼@1+1,21283499,,,,,,,,
카카오 톡스토어,2025- 08-01,2025- 08-05,!톡딜(만원톡딜),CERACLINIC,헤어팩 600ml,CERACLINIC | 헤어팩 600ml,,CERACLINIC | 헤어팩 600ml@,531878226,,,,,,,,
홈앤쇼핑,2025- 07-28,2025- 07-30,!파트너딜,BATHPA,바디스크럽,BATHPA | 바디스크럽,1+1+1,BATHPA | 바디스크럽@1+1+1,42782040,,,,,,,,
GS이숍,2025- 07-31,2025- 08-04,!만원의 행복,PEDISON 바디,자무 청결제,PEDISON 바디 | 자무 청결제,1+1,PEDISON 바디 | 자무 청결제@1+1,17632078,,,,,,,,
GS이숍,2025- 08-02,2025- 08-04,!타임특가,MIMI 바디,핸드워시,MIMI 바디 | 핸드워시,1+1,MIMI 바디 | 핸드워시@1+1,37803138,,,,,,,,
GS이숍,2025- 08-05,2025- 08-07,!타임특가,FRAIJOUR,쑥크림,FRAIJOUR | 쑥크림,1+1,FRAIJOUR | 쑥크림@1+1,50703532,,,,,,,,
옥션,2025- 07-30,2025- 07-31,!올킬,ROERANCE,로에랑스,ROERANCE | 로에랑스,1+1,ROERANCE | 로에랑스@1+1,B619607455,,,,,,,,
GS이숍,2025- 07-26,2025- 07-29,!오늘의특가,BORDO,풋팩,BORDO | 풋팩,1+1+1,BORDO | 풋팩@1+1+1,26363283,,,,,,,,
GS이숍,2025- 07-30,2025- 07-31,!오늘의특가,BATHPA,바스파,BATHPA | 바스파,,BATHPA | 바스파@,1009799783,,,,,,,,
GS이숍,2025- 07-31,2025- 08-01,!오늘의특가,PEDISON 바디,데오드 바디워시,PEDISON 바디 | 데오드 바디워시,1+1,PEDISON 바디 | 데오드 바디워시@1+1,26550330,,,,,,,,
스마트스토어,2025- 07-31,2025- 08-15,!!원뿔템,CERACLINIC,헤어팩,CERACLINIC | 헤어팩,1+1,CERACLINIC | 헤어팩@1+1,10537633565,,,,,,,,
스마트스토어,2025- 08-01,2025- 08-16,!!원뿔템,MIMI 모먼트,핸드워시,MIMI 모먼트 | 핸드워시,1+1,MIMI 모먼트 | 핸드워시@1+1,4849030328,,,,,,,,
G마켓,2025- 08-04,2025- 08-05,!슈퍼딜,ROERANCE,로에랑스,ROERANCE | 로에랑스,1+1,ROERANCE | 로에랑스@1+1,832114998,,,,,,,,
GS이숍,2025- 08-11,2025- 08-12,!만원의 행복,CERACLINIC,헤어팩 600ml,CERACLINIC | 헤어팩 600ml,,CERACLINIC | 헤어팩 600ml@,1081628034,,,,,,,,
GS이숍,2025- 08-11,2025- 08-12,!만원의 행복,CHARCHAR,쿨링 바디워시,CHARCHAR | 쿨링 바디워시,,CHARCHAR | 쿨링 바디워시@,1080359666,,,,,,,,
GS이숍,2025- 08-03,2025- 08-04,!그레잇 썬데이(연합),BATHPA,바스파,BATHPA | 바스파,1+1,BATHPA | 바스파@1+1,1035938051,,,,,,,,
홈앤쇼핑,2025- 08-06,2025- 08-07,!파트너딜,BATHPA,바디스크럽,BATHPA | 바디스크럽,1+1+1,BATHPA | 바디스크럽@1+1+1,42782040,,,,,,,,
GS이숍,2025- 08-07,2025- 08-08,!!MDPICK 하루특가,ROERANCE,로에랑스 바디미스트,ROERANCE | 로에랑스 바디미스트,1+1,ROERANCE | 로에랑스 바디미스트@1+1,36368525,,,,,,,,
GS이숍,2025- 08-07,2025- 08-08,!!MDPICK 하루특가,CHARCHAR,녹두폼,CHARCHAR | 녹두폼,1+1+1+1,CHARCHAR | 녹두폼@1+1+1+1,1066344976,,,,,,,,
옥션,2025- 08-13,2025- 08-14,!빡쎄일,ROERANCE,로에랑스,ROERANCE | 로에랑스,1+1,ROERANCE | 로에랑스@1+1,B619607455,,,,,,,,
카카오 톡스토어,2025- 08-15,2025- 08-19,!톡딜(패션뷰티),CHARCHAR,쿨링바디워시,CHARCHAR | 쿨링바디워시,,CHARCHAR | 쿨링바디워시@,524961999,,,,,,,,
GS이숍,2025- 08-18,2025- 08-19,!!만원의 행복,CERACLINIC,앰플샴푸,CERACLINIC | 앰플샴푸,,CERACLINIC | 앰플샴푸@,1061714750,,,,,,,,
GS이숍,2025- 08-17,2025- 08-19,!!띠꿀,CHARCHAR,라이스 폼클렌징,CHARCHAR | 라이스 폼클렌징,1+1+1+1,CHARCHAR | 라이스 폼클렌징@1+1+1+1,1091144375,,,,,,,,
GS이숍,2025- 08-19,2025- 08-20,!!타임특가,CHARCHAR,녹두 폼클렌징,CHARCHAR | 녹두 폼클렌징,1+1+1+1,CHARCHAR | 녹두 폼클렌징@1+1+1+1,1066344976,,,,,,,,
GS이숍,2025- 08-19,2025- 08-20,!!타임특가,ROSEMINE,바디워시&로션,ROSEMINE | 바디워시&로션,1+1,ROSEMINE | 바디워시&로션@1+1,17435418,,,,,,,,
GS이숍,2025- 08-15,2025- 08-18,!!썸머슈퍼세일,ROERANCE,바디미스트,ROERANCE | 바디미스트,1+1,ROERANCE | 바디미스트@1+1,36368525,,,,,,,,
GS이숍,2025- 08-14,2025- 08-18,!!하루만특가,CERACLINIC,앰플밤,CERACLINIC | 앰플밤,1+1,CERACLINIC | 앰플밤@1+1,1047273130,,,,,,,,
GS이숍,2025- 08-14,2025- 08-18,!!하루만특가,BATHPA,스크럽 바디워시,BATHPA | 스크럽 바디워시,1+1,BATHPA | 스크럽 바디워시@1+1,1035938051,,,,,,,,
GS이숍,2025- 08-14,2025- 08-18,!!하루만특가,CERACLINIC,세라클리닉 퀀치,CERACLINIC | 세라클리닉 퀀치,1+1,CERACLINIC | 세라클리닉 퀀치@1+1,99116306,,,,,,,,
스마트스토어,2025- 08-04,2025- 08-18,!!원뿔템,PEDISON 바디,소다 여성 청결제,PEDISON 바디 | 소다 여성 청결제,1+1,PEDISON 바디 | 소다 여성 청결제@1+1,5620994880,,,,,,,,
홈앤쇼핑,2025- 08-09,2025- 08-11,!파트너딜,BATHPA,바디스크럽,BATHPA | 바디스크럽,1+1+1,BATHPA | 바디스크럽@1+1+1,42782040,,,,,,,,
G마켓,2025- 08-17,2025- 08-18,!빡세일,ROERANCE,로에랑스,ROERANCE | 로에랑스,1+1,ROERANCE | 로에랑스@1+1,832114998,,,,,,,,
옥션,2025- 08-22,2025- 08-23,!끝장세일,ROERANCE,로에랑스,ROERANCE | 로에랑스,1+1,ROERANCE | 로에랑스@1+1,B619607455,,,,,,,,
GS이숍,2025- 08-20,2025- 08-22,!!타임특가,FRAIJOUR,모이스춰 프로토너,FRAIJOUR | 모이스춰 프로토너,1+1,FRAIJOUR | 모이스춰 프로토너@1+1,54741711,,,,,,,,
GS이숍,2025- 08-23,2025- 08-25,!!만원의 행복,CERACLINIC,뿌리는 트리트먼트 200ml,CERACLINIC | 뿌리는 트리트먼트 200ml,1+1,CERACLINIC | 뿌리는 트리트먼트 200ml@1+1,99116306001,,,,,,,,
GS이숍,2025- 08-22,2025- 08-28,!!슈퍼팔월,FRAIJOUR,자연약쑥 토너 500ml,FRAIJOUR | 자연약쑥 토너 500ml,1+1,FRAIJOUR | 자연약쑥 토너 500ml@1+1,21606783,,,,,,,,
홈앤쇼핑,2025- 08-18,2025- 08-19,!파트너딜,BATHPA,바디스크럽,BATHPA | 바디스크럽,1+1+1,BATHPA | 바디스크럽@1+1+1,42782040,,,,,,,,
홈앤쇼핑,2025- 08-25,2025- 08-28,!파트너딜,BATHPA,바디스크럽,BATHPA | 바디스크럽,1+1+1,BATHPA | 바디스크럽@1+1+1,42782040,,,,,,,,
GS이숍,2025- 08-27,2025- 08-29,!!만원의 행복,PEDISON 바디,한방여성청결제,PEDISON 바디 | 한방여성청결제,1+1,PEDISON 바디 | 한방여성청결제@1+1,18182254,,,,,,,,
GS이숍,2025- 09-06,2025- 09-08,!!만원의 행복,CHARCHAR,헤어세럼 200ml,CHARCHAR | 헤어세럼 200ml,,CHARCHAR | 헤어세럼 200ml@,36527089,,,,,,,,
GS이숍,2025- 09-08,2025- 09-10,!!만원의 행복,CERACLINIC,헤어팩 600ml,CERACLINIC | 헤어팩 600ml,,CERACLINIC | 헤어팩 600ml@,1081628034,,,,,,,,
GS이숍,2025- 09-03,2025- 09-04,!!타임특가,FRAIJOUR,자연약쑥 토너 500ml,FRAIJOUR | 자연약쑥 토너 500ml,1+1,FRAIJOUR | 자연약쑥 토너 500ml@1+1,21606783,,,,,,,,
GS이숍,2025- 09-08,2025- 09-10,!!타임특가,CHARCHAR,라이스 폼,CHARCHAR | 라이스 폼,1+1+1+1,CHARCHAR | 라이스 폼@1+1+1+1,1091144375,,,,,,,,
G마켓,2025- 08-27,2025- 08-28,!무지싸,BATHPA,바디스크럽,BATHPA | 바디스크럽,1+1,BATHPA | 바디스크럽@1+1,2397735259,,,,,,,,
홈앤쇼핑,2025- 08-31,2025- 09-01,!파트너딜,BATHPA,바디스크럽,BATHPA | 바디스크럽,1+1+1,BATHPA | 바디스크럽@1+1+1,42782040,,,,,,,,
GS이숍,2025- 09-21,2025- 09-22,!!티꿀,ROSEMINE,스팀소프트,ROSEMINE | 스팀소프트,5+1,ROSEMINE | 스팀소프트@5+1,1059355721,,,,,,,,
GS이숍,2025- 09-04,2025- 09-05,!!뷰티탭,ROSEMINE,로즈마인 워시&로션,ROSEMINE | 로즈마인 워시&로션,,ROSEMINE | 로즈마인 워시&로션@,17173279,,,,,,,,
GS이숍,2025- 09-04,2025- 09-05,!!뷰티탭,ROERANCE,로에랑스 바디미스트,ROERANCE | 로에랑스 바디미스트,1+1,ROERANCE | 로에랑스 바디미스트@1+1,36368525,,,,,,,,
GS이숍,2025- 09-05,2025- 09-08,!!뷰티탭,PEDISON 바디,한방 청결제,PEDISON 바디 | 한방 청결제,1+1,PEDISON 바디 | 한방 청결제@1+1,18182254,,,,,,,,
GS이숍,2025- 09-05,2025- 09-08,!!뷰티탭,CHARCHAR,녹두 폼클렌징,CHARCHAR | 녹두 폼클렌징,1+1+1+1,CHARCHAR | 녹두 폼클렌징@1+1+1+1,1066344976,,,,,,,,
홈앤쇼핑,2025- 09-09,2025- 09-10,!파트너딜,BATHPA,바디스크럽,BATHPA | 바디스크럽,1+1+1,BATHPA | 바디스크럽@1+1+1,42782040,,,,,,,,
GS이숍,2025- 09-12,2025- 09-15,!!타임특가,PEDISON 헤어,헤어 실크미스트,PEDISON 헤어 | 헤어 실크미스트,1+1,PEDISON 헤어 | 헤어 실크미스트@1+1,24115217,,,,,,,,
GS이숍,2025- 09-13,2025- 09-15,!!만원의 행복,CERACLINIC,앰플 오일,CERACLINIC | 앰플 오일,,CERACLINIC | 앰플 오일@,1047352521,,,,,,,,
GS이숍,2025- 09-13,2025- 10-01,!!판타지추석,ROSEMINE,스팀소프트,ROSEMINE | 스팀소프트,5+1,ROSEMINE | 스팀소프트@5+1,1059355721,,,,,,,,
GS이숍,2025- 09-13,2025- 10-01,!!판타지추석,ROSEMINE,아로마 리 고요,ROSEMINE | 아로마 리 고요,,ROSEMINE | 아로마 리 고요@,1073422186,,,,,,,,
GS이숍,2025- 09-14,2025- 09-15,!!하루특가,ROERANCE,로에랑스 바디미스트,ROERANCE | 로에랑스 바디미스트,1+1,ROERANCE | 로에랑스 바디미스트@1+1,36368525,,,,,,,,
GS이숍,2025- 09-21,2025- 09-23,!!만원의 행복,PEDISON 바디,밸런스 청결제,PEDISON 바디 | 밸런스 청결제,1+1,PEDISON 바디 | 밸런스 청결제@1+1,17632079,,,,,,,,
GS이숍,2025- 09-21,2025- 09-23,!!타임특가,ROERANCE,로에랑스 바디미스트,ROERANCE | 로에랑스 바디미스트,1+1,ROERANCE | 로에랑스 바디미스트@1+1,36368525,,,,,,,,
홈앤쇼핑,2025- 09-24,2025- 09-25,!파트너딜,ROSEMINE,스팀소프트,ROSEMINE | 스팀소프트,5+1,ROSEMINE | 스팀소프트@5+1,38745287,,,,,,,,
옥션,2025- 09-12,2025- 09-15,!올킬,ROERANCE,로에랑스,ROERANCE | 로에랑스,1+1,ROERANCE | 로에랑스@1+1,B619607455,,,,,,,,
G마켓,2025- 09-14,2025- 09-15,!슈퍼딜,ROERANCE,로에랑스,ROERANCE | 로에랑스,1+1,ROERANCE | 로에랑스@1+1,832114998,,,,,,,,
GS이숍,2025- 09-28,2025- 09-29,!!만원의 행복,CERACLINIC,컬링크림,CERACLINIC | 컬링크림,1+1,CERACLINIC | 컬링크림@1+1,1057889457,,,,,,,,
홈앤쇼핑,2025- 09-29,2025- 09-30,!!파트너 딜,BATHPA,스크럽 바디워시,BATHPA | 스크럽 바디워시,1+1,BATHPA | 스크럽 바디워시@1+1,42782040,,,,,,,,
홈앤쇼핑,2025- 09-29,2025- 09-30,!!파트너 딜,ROERANCE,바디미스트,ROERANCE | 바디미스트,1+1,ROERANCE | 바디미스트@1+1,42782041,,,,,,,,
홈앤쇼핑,2025- 09-29,2025- 09-30,!!파트너 딜,BATHPA,바쓰솔트 1200g,BATHPA | 바쓰솔트 1200g,1+1,BATHPA | 바쓰솔트 1200g@1+1,47876992,,,,,,,,
GS이숍,2025- 09-29,2025- 09-30,!!카톡플친,ROSEMINE,로즈마인 스팀 소프트,ROSEMINE | 로즈마인 스팀 소프트,5+1,ROSEMINE | 로즈마인 스팀 소프트@5+1,1059355721,,,,,,,,
GS이숍,2025- 09-29,2025- 09-30,!!카톡플친,ROSEMINE,아로마리 고요,ROSEMINE | 아로마리 고요,,ROSEMINE | 아로마리 고요@,1073422186,,,,,,,,
GS이숍,2025- 10-09,2025- 10-13,!!만원의 행복,CERACLINIC,헤어팩 600ml,CERACLINIC | 헤어팩 600ml,,CERACLINIC | 헤어팩 600ml@,1061714750,,,,,,,,
GS이숍,2025- 10-11,2025- 10-14,!!만원의 행복,CERACLINIC,퀀치 200ml ,CERACLINIC | 퀀치 200ml ,1+1,CERACLINIC | 퀀치 200ml @1+1,99116306,,,,,,,,
GS이숍,2025- 10-12,2025- 10-14,!!만원의 행복,ROSEMINE,핸드크림 60ml,ROSEMINE | 핸드크림 60ml,10,ROSEMINE | 핸드크림 60ml@10,1041513919,,,,,,,,
GS이숍,2025- 10-13,2025- 10-15,!!뷰티탭,ROSEMINE,로즈마인 스팀소프트,ROSEMINE | 로즈마인 스팀소프트,5+1,ROSEMINE | 로즈마인 스팀소프트@5+1,1059355721,,,,,,,,
GS이숍,2025- 10-13,2025- 10-15,!!뷰티탭,ROERANCE,바디미스트 ,ROERANCE | 바디미스트 ,1+1,ROERANCE | 바디미스트 @1+1,36368525,,,,,,,,
카카오 톡스토어,2025- 10-17,2025- 10-21,!가을패션뷰티,ROSEMINE,키스바이 스텔라리,ROSEMINE | 키스바이 스텔라리,,ROSEMINE | 키스바이 스텔라리@,510417411,,,,,,,,
카카오 톡스토어,2025- 10-17,2025- 10-21,!가을패션뷰티,CHARCHAR,고농축 헤어세럼,CHARCHAR | 고농축 헤어세럼,,CHARCHAR | 고농축 헤어세럼@,97606574,,,,,,,,
카카오 톡스토어,2025- 10-17,2025- 10-21,!가을패션뷰티,PEDISON 바디,DO 소다 청결제,PEDISON 바디 | DO 소다 청결제,1+1,PEDISON 바디 | DO 소다 청결제@1+1,100023251,,,,,,,,
GS이숍,2025- 10-03,2025- 10-10,!!티꿀,CHARCHAR,녹두폼,CHARCHAR | 녹두폼,1+1+1+1,CHARCHAR | 녹두폼@1+1+1+1,1066344976,,,,,,,,
GS이숍,2025- 10-08,2025- 10-10,!!맴버십특가 MD추천,ROERANCE,로에랑스,ROERANCE | 로에랑스,1+1,ROERANCE | 로에랑스@1+1,36368525,,,,,,,,
GS이숍,2025- 10-18,2025- 10-21,!!만원의 행복,PEDISON 헤어,헤어미스트,PEDISON 헤어 | 헤어미스트,1+1,PEDISON 헤어 | 헤어미스트@1+1,24115217,,,,,,,,
GS이숍,2025- 10-17,2025- 10-21,!!맴버십특가,ROERANCE,로에랑스,ROERANCE | 로에랑스,1+1,ROERANCE | 로에랑스@1+1,36368525,,,,,,,,
홈앤쇼핑,2025- 10-13,2025- 10-15,!!파트너 딜,BATHPA,스크럽 바디워시,BATHPA | 스크럽 바디워시,1+1,BATHPA | 스크럽 바디워시@1+1,42782040,,,,,,,,
홈앤쇼핑,2025- 10-13,2025- 10-15,!!파트너 딜,ROERANCE,바디미스트,ROERANCE | 바디미스트,1+1,ROERANCE | 바디미스트@1+1,42782041,,,,,,,,
홈앤쇼핑,2025- 10-13,2025- 10-15,!!파트너 딜,BATHPA,바쓰솔트 1200g,BATHPA | 바쓰솔트 1200g,1+1,BATHPA | 바쓰솔트 1200g@1+1,47876992,,,,,,,,
홈앤쇼핑,2025- 10-17,2025- 10-20,!!파트너 딜,BATHPA,스크럽 바디워시,BATHPA | 스크럽 바디워시,1+1,BATHPA | 스크럽 바디워시@1+1,42782040,,,,,,,,
카카오 톡스토어,2025- 10-20,2025- 11-03,!카카오쇼핑페스타,CERACLINIC,헤어팩 600ml,CERACLINIC | 헤어팩 600ml,,CERACLINIC | 헤어팩 600ml@,531878226,,,,,,,,
카카오 톡스토어,2025- 10-20,2025- 11-03,!카카오쇼핑페스타,BATHPA,아로마틱 바디오일,BATHPA | 아로마틱 바디오일,,BATHPA | 아로마틱 바디오일@,328757753,,,,,,,,
카카오 톡스토어,2025- 10-20,2025- 11-03,!카카오쇼핑페스타,ROSEMINE,핸드크림 60ml,ROSEMINE | 핸드크림 60ml,10,ROSEMINE | 핸드크림 60ml@10,113751930,,,,,,,,
카카오 톡스토어,2025- 10-20,2025- 11-03,!카카오쇼핑페스타,ROSEMINE,바디워시&바디로션,ROSEMINE | 바디워시&바디로션,1+1,ROSEMINE | 바디워시&바디로션@1+1,98494112,,,,,,,,
홈앤쇼핑,2025- 10-21,2025- 10-22,!!타임특가,BATHPA,스크럽 바디워시,BATHPA | 스크럽 바디워시,1+1,BATHPA | 스크럽 바디워시@1+1,42782040,,,,,,,,
카카오 톡스토어,2025- 11-05,2025- 11-10,!카카오톡딜,PEDISON 바디,여성 청결제,PEDISON 바디 | 여성 청결제,1+1,PEDISON 바디 | 여성 청결제@1+1,99869714,,,,,,,,
G마켓,2025- 10-27,2025- 11-04,!슈퍼딜(시스템),PEDISON 바디,여성 청결제 ,PEDISON 바디 | 여성 청결제 ,1+1,PEDISON 바디 | 여성 청결제 @1+1,483648529,,,,,,,,
G마켓,2025- 10-27,2025- 11-04,!슈퍼딜(시스템),MIMI 바디,핸드워시,MIMI 바디 | 핸드워시,1+1,MIMI 바디 | 핸드워시@1+1,1621412261,,,,,,,,
G마켓,2025- 10-27,2025- 11-04,!슈퍼딜(시스템),BATHPA,바디스크럽,BATHPA | 바디스크럽,,BATHPA | 바디스크럽@,2397735259,,,,,,,,
스마트스토어,2025- 10-29,2025- 11-12,!!넾다쎄일,BATHPA,바쓰솔트 1200g,BATHPA | 바쓰솔트 1200g,,BATHPA | 바쓰솔트 1200g@,3135939501,,,,,,,,
스마트스토어,2025- 10-29,2025- 11-12,!!넾다쎄일,MIMI 바디,핸드워시,MIMI 바디 | 핸드워시,1+1,MIMI 바디 | 핸드워시@1+1,4849030328,,,,,,,,
스마트스토어,2025- 10-29,2025- 11-12,!!넾다쎄일,MIMI 퍼퓸,드레스미스트,MIMI 퍼퓸 | 드레스미스트,1+1,MIMI 퍼퓸 | 드레스미스트@1+1,334445895,,,,,,,,
스마트스토어,2025- 10-29,2025- 11-12,!!넾다쎄일,BATHPA,스크럽바디워시,BATHPA | 스크럽바디워시,1+1,BATHPA | 스크럽바디워시@1+1,9025168973,,,,,,,,
스마트스토어,2025- 10-29,2025- 11-12,!!넾다쎄일,ROSEMINE,바디워시&로션,ROSEMINE | 바디워시&로션,1+1,ROSEMINE | 바디워시&로션@1+1,4687999216,,,,,,,,
스마트스토어,2025- 10-29,2025- 11-12,!!넾다쎄일,PEDISON 바디,여성 청결제,PEDISON 바디 | 여성 청결제,1+1,PEDISON 바디 | 여성 청결제@1+1,758297134,,,,,,,,
스마트스토어,2025- 10-29,2025- 11-12,!!넾다쎄일,PEDISON 바디,유산균 여성 청결제,PEDISON 바디 | 유산균 여성 청결제,1+1,PEDISON 바디 | 유산균 여성 청결제@1+1,8912999917,,,,,,,,
스마트스토어,2025- 10-29,2025- 11-12,!!넾다쎄일,PEDISON 바디,소다 청결제,PEDISON 바디 | 소다 청결제,1+1,PEDISON 바디 | 소다 청결제@1+1,5620994880,,,,,,,,
홈앤쇼핑,2025- 10-23,2025- 10-24,!!타임특가,BATHPA,스크럽 바디워시,BATHPA | 스크럽 바디워시,1+1+1,BATHPA | 스크럽 바디워시@1+1+1,42782040,,,,,,,,
스마트스토어,2025- 10-29,2025- 11-12,!!넾다쎄일,ROERANCE,바디미스트,ROERANCE | 바디미스트,1+1,ROERANCE | 바디미스트@1+1,2508195294,,,,,,,,
GS이숍,2025- 11-05,2025- 11-07,!!티꿀,CHARCHAR,라이스 폼 클렌징,CHARCHAR | 라이스 폼 클렌징,1+1+1+1,CHARCHAR | 라이스 폼 클렌징@1+1+1+1,1091144375,,,,,,,,
GS이숍,2025- 11-07,2025- 11-10,!!타임특가,CHARCHAR,녹두 폼 클렌징,CHARCHAR | 녹두 폼 클렌징,1+1+1+1,CHARCHAR | 녹두 폼 클렌징@1+1+1+1,1066344976,,,,,,,,
홈앤쇼핑,2025- 11-04,2025- 11-05,!!헤어바디전(파트너딜),BATHPA,스크럽 바디워시,BATHPA | 스크럽 바디워시,1+1+1,BATHPA | 스크럽 바디워시@1+1+1,42782040,,,,,,,,
GS이숍,2025- 11-17,2025- 11-18,!!타임특가,CHARCHAR,앰플오일,CHARCHAR | 앰플오일,1+1,CHARCHAR | 앰플오일@1+1,1047352521,,,,,,,,
홈앤쇼핑,2025- 11-06,2025- 11-07,!!빅적립데이(파트너딜),BATHPA,스크럽 바디워시,BATHPA | 스크럽 바디워시,1+1+1,BATHPA | 스크럽 바디워시@1+1+1,42782040,,,,,,,,
GS이숍,2025- 11-07,2025- 11-10,!!만원의 행복,CERACLINIC,헤어팩 600ml,CERACLINIC | 헤어팩 600ml,,CERACLINIC | 헤어팩 600ml@,1081628034,,,,,,,,
G마켓,2025- 11-12,2025- 11-18,!슈퍼딜(시스템),VALMONA,서리태 샴푸 트리트먼트,VALMONA | 서리태 샴푸 트리트먼트,1+1,VALMONA | 서리태 샴푸 트리트먼트@1+1,1476659363,,,,,,,,
G마켓,2025- 11-12,2025- 11-18,!슈퍼딜(시스템),ROERANCE,바디미스트,ROERANCE | 바디미스트,1+1,ROERANCE | 바디미스트@1+1,832114998,,,,,,,,
카카오 톡스토어,2025- 11-17,2025- 11-25,!카카오톡딜위크,ROSEMINE,키스바이 스텔라리,ROSEMINE | 키스바이 스텔라리,,ROSEMINE | 키스바이 스텔라리@,510417411,,,,,,,,
카카오 톡스토어,2025- 11-17,2025- 11-25,!카카오톡딜위크,BATHPA,스크럽바디워시,BATHPA | 스크럽바디워시,,BATHPA | 스크럽바디워시@,392687145,,,,,,,,
카카오 톡스토어,2025- 11-17,2025- 11-25,!카카오톡딜위크,FRAIJOUR,쑥토너,FRAIJOUR | 쑥토너,1+1,FRAIJOUR | 쑥토너@1+1,98650419,,,,,,,,
카카오 톡스토어,2025- 11-17,2025- 11-25,!카카오톡딜위크,FRAIJOUR,샴바드,FRAIJOUR | 샴바드,1+1,FRAIJOUR | 샴바드@1+1,546414251,,,,,,,,
G마켓,2025- 11-15,2025- 11-19,!슈퍼딜(시스템),FRAIJOUR,프레쥬 쑥토너,FRAIJOUR | 프레쥬 쑥토너,1+1,FRAIJOUR | 프레쥬 쑥토너@1+1,1416294630,,,,,,,,
G마켓,2025- 11-15,2025- 11-19,!슈퍼딜(시스템),ROSEMINE,바디워시&바디로션,ROSEMINE | 바디워시&바디로션,1+1,ROSEMINE | 바디워시&바디로션@1+1,715862905,,,,,,,,
G마켓,2025- 11-15,2025- 11-19,!슈퍼딜(시스템),BATHPA,스크럽 바디워시 ,BATHPA | 스크럽 바디워시 ,,BATHPA | 스크럽 바디워시 @,2397735259,,,,,,,,
GS이숍,2025- 11-19,2025- 11-21,!!만원의 행복,ROSEMINE,핸드크림,ROSEMINE | 핸드크림,10종,ROSEMINE | 핸드크림@10종,1041513919,,,,,,,,
GS이숍,2025- 11-21,2025- 11-24,!!만원의 행복,CERACLINIC,앰플밤,CERACLINIC | 앰플밤,1+1,CERACLINIC | 앰플밤@1+1,1047273130,,,,,,,,
GS이숍,2025- 11-25,2025- 11-26,!!타임특가,MIMI 바디,드레스미스트,MIMI 바디 | 드레스미스트,1+1,MIMI 바디 | 드레스미스트@1+1,26615058,,,,,,,,
홈앤쇼핑,2025- 11-17,2025- 11-20,!!파트너딜,CERACLINIC,헤어팩 250ml,CERACLINIC | 헤어팩 250ml,1+0,CERACLINIC | 헤어팩 250ml@1+0,49065510,,,,,,,,
옥션,2025- 11-19,2025- 11-26,!올킬,ROERANCE,바디미스트,ROERANCE | 바디미스트,1+1,ROERANCE | 바디미스트@1+1,B619607455,,,,,,,,
G마켓,2025- 11-21,2025- 11-28,!슈퍼딜(시스템),BATHPA,스크럽 바디워시 ,BATHPA | 스크럽 바디워시 ,,BATHPA | 스크럽 바디워시 @,2397735259,,,,,,,,
G마켓,2025- 11-21,2025- 11-28,!슈퍼딜(시스템),BATHPA,바쓰쏠트 1200,BATHPA | 바쓰쏠트 1200,1+1,BATHPA | 바쓰쏠트 1200@1+1,1402797709,,,,,,,,
G마켓,2025- 11-21,2025- 11-28,!슈퍼딜(시스템),PEDISON 바디,여성 청결제 ,PEDISON 바디 | 여성 청결제 ,1+1,PEDISON 바디 | 여성 청결제 @1+1,483648529,,,,,,,,
카카오 톡스토어,2025- 12-01,2025- 12-09,!카카오톡딜위크,ROSEMINE,핸드크림,ROSEMINE | 핸드크림,10,ROSEMINE | 핸드크림@10,113751930,,,,,,,,
카카오 톡스토어,2025- 12-01,2025- 12-09,!카카오톡딜위크,CERACLINIC,헤어팩 250ml,CERACLINIC | 헤어팩 250ml,,CERACLINIC | 헤어팩 250ml@,319371995,,,,,,,,
카카오 톡스토어,2025- 12-01,2025- 12-09,!카카오톡딜위크,CHARCHAR,헤어세럼 200ml,CHARCHAR | 헤어세럼 200ml,,CHARCHAR | 헤어세럼 200ml@,97606574,,,,,,,,
공영홈쇼핑,2025- 12-08,2025- 12-09,!라이브방송,ROERANCE,바디미스트 250ml,ROERANCE | 바디미스트 250ml,,ROERANCE | 바디미스트 250ml@,10578098,,,,,,,,
카카오 톡스토어,2025- 12-08,2025- 12-16,!카카오톡딜위크,BATHPA,바디스크럽,BATHPA | 바디스크럽,1+1,BATHPA | 바디스크럽@1+1,52680759,,,,,,,,
카카오 톡스토어,2025- 12-08,2025- 12-16,!카카오톡딜위크,CERACLINIC,앰플밤,CERACLINIC | 앰플밤,1+1,CERACLINIC | 앰플밤@1+1,329166316,,,,,,,,
카카오 톡스토어,2025- 12-08,2025- 12-16,!카카오톡딜위크,CHARCHAR,라이스 폼클렌징,CHARCHAR | 라이스 폼클렌징,1+1+1+1,CHARCHAR | 라이스 폼클렌징@1+1+1+1,586816358,,,,,,,,
홈앤쇼핑,2025- 12-01,2025- 12-02,!!파트너딜,ROERANCE,바디미스트 ,ROERANCE | 바디미스트 ,1+1,ROERANCE | 바디미스트 @1+1,42782041,,,,,,,,
홈앤쇼핑,2025- 12-05,2025- 12-08,!!파트너딜,ROERANCE,바디미스트,ROERANCE | 바디미스트,1+1,ROERANCE | 바디미스트@1+1,42782041,,,,,,,,
GS이숍,2025- 12-24,2025- 12-26,!!출첵특가,ROERANCE,보습로션,ROERANCE | 보습로션,1+1,ROERANCE | 보습로션@1+1,1100267588,,,,,,,,
G마켓,2025- 12-04,2025- 12-11,!슈퍼딜(시스템),ROERANCE,바디미스트,ROERANCE | 바디미스트,,ROERANCE | 바디미스트@,832114998,,,,,,,,
G마켓,2025- 12-04,2025- 12-11,!슈퍼딜(시스템),PEDISON 바디,유산균 청결제,PEDISON 바디 | 유산균 청결제,1+1,PEDISON 바디 | 유산균 청결제@1+1,3053567291,,,,,,,,
G마켓,2025- 12-04,2025- 12-11,!슈퍼딜(시스템),CHARCHAR,헤어세럼 200ml,CHARCHAR | 헤어세럼 200ml,,CHARCHAR | 헤어세럼 200ml@,1692731979,,,,,,,,